CREATE TABLE "xlsreport$customexcel" (
	"id" BIGINT NOT NULL,
	PRIMARY KEY("id"));
INSERT INTO "mendixsystem$entity" ("id", 
"entity_name", 
"table_name", 
"superentity_id", 
"remote", 
"remote_primary_key")
 VALUES ('4891f3e4-8465-44de-a459-9e8971cef4eb', 
'XLSReport.CustomExcel', 
'xlsreport$customexcel', 
'170ce49d-f29c-4fac-99a6-b55e8a3aeb39', 
false, 
false);
CREATE TABLE "mxmodelreflection$mxobjectreference" (
	"id" BIGINT NOT NULL,
	"changeddate" TIMESTAMP NULL,
	"createddate" TIMESTAMP NULL,
	"associationowner" VARCHAR_IGNORECASE(8) NULL,
	"parententity" VARCHAR_IGNORECASE(200) NULL,
	"completename" VARCHAR_IGNORECASE(200) NULL,
	"module" VARCHAR_IGNORECASE(200) NULL,
	"referencetype" VARCHAR_IGNORECASE(12) NULL,
	"name" VARCHAR_IGNORECASE(200) NULL,
	"readablename" VARCHAR_IGNORECASE(200) NULL,
	"system$owner" BIGINT NULL,
	"system$changedby" BIGINT NULL,
	PRIMARY KEY("id"));
CREATE INDEX "idx_mxmodelreflection$mxobjectreference_system$owner" ON "mxmodelreflection$mxobjectreference" ("system$owner" ASC,"id" ASC);
CREATE INDEX "idx_mxmodelreflection$mxobjectreference_system$changedby" ON "mxmodelreflection$mxobjectreference" ("system$changedby" ASC,"id" ASC);
INSERT INTO "mendixsystem$entity" ("id", 
"entity_name", 
"table_name", 
"remote", 
"remote_primary_key")
 VALUES ('e621bdc4-02d0-4cf1-82b3-014db5b514d1', 
'MxModelReflection.MxObjectReference', 
'mxmodelreflection$mxobjectreference', 
false, 
false);
INSERT INTO "mendixsystem$attribute" ("id", 
"entity_id", 
"attribute_name", 
"column_name", 
"type", 
"length", 
"default_value", 
"is_auto_number")
 VALUES ('0bfada20-7eef-3dd3-873b-4abb4f0f01c2', 
'e621bdc4-02d0-4cf1-82b3-014db5b514d1', 
'changedDate', 
'changeddate', 
20, 
0, 
'', 
false);
INSERT INTO "mendixsystem$attribute" ("id", 
"entity_id", 
"attribute_name", 
"column_name", 
"type", 
"length", 
"default_value", 
"is_auto_number")
 VALUES ('fd03d6f2-64e2-3e09-a57a-1033cb1f9b9a', 
'e621bdc4-02d0-4cf1-82b3-014db5b514d1', 
'createdDate', 
'createddate', 
20, 
0, 
'', 
false);
INSERT INTO "mendixsystem$attribute" ("id", 
"entity_id", 
"attribute_name", 
"column_name", 
"type", 
"length", 
"default_value", 
"is_auto_number")
 VALUES ('c2f8296d-9448-49c4-9226-8c92ddf7fcf2', 
'e621bdc4-02d0-4cf1-82b3-014db5b514d1', 
'AssociationOwner', 
'associationowner', 
40, 
8, 
'_Default', 
false);
INSERT INTO "mendixsystem$attribute" ("id", 
"entity_id", 
"attribute_name", 
"column_name", 
"type", 
"length", 
"default_value", 
"is_auto_number")
 VALUES ('024ad620-3311-49a5-85a6-6fe69e7548d5', 
'e621bdc4-02d0-4cf1-82b3-014db5b514d1', 
'ParentEntity', 
'parententity', 
30, 
200, 
'', 
false);
INSERT INTO "mendixsystem$attribute" ("id", 
"entity_id", 
"attribute_name", 
"column_name", 
"type", 
"length", 
"default_value", 
"is_auto_number")
 VALUES ('ce92d483-6ebd-41ae-b7cb-95598cf79a9a', 
'e621bdc4-02d0-4cf1-82b3-014db5b514d1', 
'CompleteName', 
'completename', 
30, 
200, 
'', 
false);
INSERT INTO "mendixsystem$attribute" ("id", 
"entity_id", 
"attribute_name", 
"column_name", 
"type", 
"length", 
"default_value", 
"is_auto_number")
 VALUES ('2a7a58a0-b726-4397-a9bc-9d99206576dc', 
'e621bdc4-02d0-4cf1-82b3-014db5b514d1', 
'Module', 
'module', 
30, 
200, 
'', 
false);
INSERT INTO "mendixsystem$attribute" ("id", 
"entity_id", 
"attribute_name", 
"column_name", 
"type", 
"length", 
"default_value", 
"is_auto_number")
 VALUES ('1dc25522-cee0-4957-94c6-732a8b58ced4', 
'e621bdc4-02d0-4cf1-82b3-014db5b514d1', 
'ReferenceType', 
'referencetype', 
40, 
12, 
'', 
false);
INSERT INTO "mendixsystem$attribute" ("id", 
"entity_id", 
"attribute_name", 
"column_name", 
"type", 
"length", 
"default_value", 
"is_auto_number")
 VALUES ('12409faf-1c96-47a1-9c34-7439c6a7ac82', 
'e621bdc4-02d0-4cf1-82b3-014db5b514d1', 
'Name', 
'name', 
30, 
200, 
'', 
false);
INSERT INTO "mendixsystem$attribute" ("id", 
"entity_id", 
"attribute_name", 
"column_name", 
"type", 
"length", 
"default_value", 
"is_auto_number")
 VALUES ('9dc5855a-205e-477b-9f90-aac95fb6fabc', 
'e621bdc4-02d0-4cf1-82b3-014db5b514d1', 
'ReadableName', 
'readablename', 
30, 
200, 
'', 
false);
INSERT INTO "mendixsystem$index" ("id", 
"table_id", 
"index_name")
 VALUES ('24888cb6-4b3e-3577-959a-b2bf0a559dfd', 
'e621bdc4-02d0-4cf1-82b3-014db5b514d1', 
'idx_mxmodelreflection$mxobjectreference_system$owner');
INSERT INTO "mendixsystem$index_column" ("index_id", 
"column_id", 
"sort_order", 
"ordinal")
 VALUES ('24888cb6-4b3e-3577-959a-b2bf0a559dfd', 
'967648c5-94c0-3452-8867-e22da035f01b', 
false, 
0);
INSERT INTO "mendixsystem$index" ("id", 
"table_id", 
"index_name")
 VALUES ('20161d1c-46c5-3c03-a4f2-e36bb7a8afc7', 
'e621bdc4-02d0-4cf1-82b3-014db5b514d1', 
'idx_mxmodelreflection$mxobjectreference_system$changedby');
INSERT INTO "mendixsystem$index_column" ("index_id", 
"column_id", 
"sort_order", 
"ordinal")
 VALUES ('20161d1c-46c5-3c03-a4f2-e36bb7a8afc7', 
'28898852-1f6e-30fc-8cdd-e9307ec5fd82', 
false, 
0);
INSERT INTO "mendixsystem$association" ("id", 
"association_name", 
"table_name", 
"parent_entity_id", 
"child_entity_id", 
"parent_column_name", 
"child_column_name")
 VALUES ('967648c5-94c0-3452-8867-e22da035f01b', 
'System.owner', 
'system$owner', 
'e621bdc4-02d0-4cf1-82b3-014db5b514d1', 
'282e2e60-88a5-469d-84a5-ba8d9151644f', 
'id', 
'system$owner');
INSERT INTO "mendixsystem$association" ("id", 
"association_name", 
"table_name", 
"parent_entity_id", 
"child_entity_id", 
"parent_column_name", 
"child_column_name")
 VALUES ('28898852-1f6e-30fc-8cdd-e9307ec5fd82', 
'System.changedBy', 
'system$changedby', 
'e621bdc4-02d0-4cf1-82b3-014db5b514d1', 
'282e2e60-88a5-469d-84a5-ba8d9151644f', 
'id', 
'system$changedby');
CREATE TABLE "mxmodelreflection$mxobjectreference_mxobjecttype_parent" (
	"mxmodelreflection$mxobjectreferenceid" BIGINT NOT NULL,
	"mxmodelreflection$mxobjecttypeid" BIGINT NOT NULL,
	PRIMARY KEY("mxmodelreflection$mxobjectreferenceid","mxmodelreflection$mxobjecttypeid"));
CREATE INDEX "idx_mxmodelreflection$mxobjectreference_mxobjecttype_parent_mxmodelreflection$mxobjecttype_mxmodelreflection$mxobjectreference" ON "mxmodelreflection$mxobjectreference_mxobjecttype_parent" ("mxmodelreflection$mxobjecttypeid" ASC,"mxmodelreflection$mxobjectreferenceid" ASC);
INSERT INTO "mendixsystem$association" ("id", 
"association_name", 
"table_name", 
"parent_entity_id", 
"child_entity_id", 
"parent_column_name", 
"child_column_name", 
"index_name")
 VALUES ('1344a928-a54c-4895-9b9a-74b6416f9ec2', 
'MxModelReflection.MxObjectReference_MxObjectType_Parent', 
'mxmodelreflection$mxobjectreference_mxobjecttype_parent', 
'e621bdc4-02d0-4cf1-82b3-014db5b514d1', 
'e560b1cf-fa41-4fb1-9a2f-cfd77c16737e', 
'mxmodelreflection$mxobjectreferenceid', 
'mxmodelreflection$mxobjecttypeid', 
'idx_mxmodelreflection$mxobjectreference_mxobjecttype_parent_mxmodelreflection$mxobjecttype_mxmodelreflection$mxobjectreference');
CREATE TABLE "mxmodelreflection$mxobjectreference_mxobjecttype" (
	"mxmodelreflection$mxobjectreferenceid" BIGINT NOT NULL,
	"mxmodelreflection$mxobjecttypeid" BIGINT NOT NULL,
	PRIMARY KEY("mxmodelreflection$mxobjectreferenceid","mxmodelreflection$mxobjecttypeid"));
CREATE INDEX "idx_mxmodelreflection$mxobjectreference_mxobjecttype_mxmodelreflection$mxobjecttype_mxmodelreflection$mxobjectreference" ON "mxmodelreflection$mxobjectreference_mxobjecttype" ("mxmodelreflection$mxobjecttypeid" ASC,"mxmodelreflection$mxobjectreferenceid" ASC);
INSERT INTO "mendixsystem$association" ("id", 
"association_name", 
"table_name", 
"parent_entity_id", 
"child_entity_id", 
"parent_column_name", 
"child_column_name", 
"index_name")
 VALUES ('a21b9b3b-a01e-4005-9c20-de7ae1cae030', 
'MxModelReflection.MxObjectReference_MxObjectType', 
'mxmodelreflection$mxobjectreference_mxobjecttype', 
'e621bdc4-02d0-4cf1-82b3-014db5b514d1', 
'e560b1cf-fa41-4fb1-9a2f-cfd77c16737e', 
'mxmodelreflection$mxobjectreferenceid', 
'mxmodelreflection$mxobjecttypeid', 
'idx_mxmodelreflection$mxobjectreference_mxobjecttype_mxmodelreflection$mxobjecttype_mxmodelreflection$mxobjectreference');
CREATE TABLE "mxmodelreflection$mxobjectreference_module" (
	"mxmodelreflection$mxobjectreferenceid" BIGINT NOT NULL,
	"mxmodelreflection$moduleid" BIGINT NOT NULL,
	PRIMARY KEY("mxmodelreflection$mxobjectreferenceid","mxmodelreflection$moduleid"),
	CONSTRAINT "uniq_mxmodelreflection$mxobjectreference_module_mxmodelreflection$mxobjectreferenceid" UNIQUE ("mxmodelreflection$mxobjectreferenceid"));
CREATE INDEX "idx_mxmodelreflection$mxobjectreference_module_mxmodelreflection$module_mxmodelreflection$mxobjectreference" ON "mxmodelreflection$mxobjectreference_module" ("mxmodelreflection$moduleid" ASC,"mxmodelreflection$mxobjectreferenceid" ASC);
INSERT INTO "mendixsystem$association" ("id", 
"association_name", 
"table_name", 
"parent_entity_id", 
"child_entity_id", 
"parent_column_name", 
"child_column_name", 
"index_name")
 VALUES ('862ddee2-7b83-4aaf-97a7-e5738fd171cc', 
'MxModelReflection.MxObjectReference_Module', 
'mxmodelreflection$mxobjectreference_module', 
'e621bdc4-02d0-4cf1-82b3-014db5b514d1', 
'e7645cff-34e2-4529-86d0-22da758b4717', 
'mxmodelreflection$mxobjectreferenceid', 
'mxmodelreflection$moduleid', 
'idx_mxmodelreflection$mxobjectreference_module_mxmodelreflection$module_mxmodelreflection$mxobjectreference');
INSERT INTO "mendixsystem$unique_constraint" ("name", 
"table_id", 
"column_id")
 VALUES ('uniq_mxmodelreflection$mxobjectreference_module_mxmodelreflection$mxobjectreferenceid', 
'862ddee2-7b83-4aaf-97a7-e5738fd171cc', 
'7f34a24f-9cd8-365c-b26f-eec5a85db5a2');
CREATE TABLE "mxmodelreflection$mxobjectreference_mxobjecttype_child" (
	"mxmodelreflection$mxobjectreferenceid" BIGINT NOT NULL,
	"mxmodelreflection$mxobjecttypeid" BIGINT NOT NULL,
	PRIMARY KEY("mxmodelreflection$mxobjectreferenceid","mxmodelreflection$mxobjecttypeid"));
CREATE INDEX "idx_mxmodelreflection$mxobjectreference_mxobjecttype_child_mxmodelreflection$mxobjecttype_mxmodelreflection$mxobjectreference" ON "mxmodelreflection$mxobjectreference_mxobjecttype_child" ("mxmodelreflection$mxobjecttypeid" ASC,"mxmodelreflection$mxobjectreferenceid" ASC);
INSERT INTO "mendixsystem$association" ("id", 
"association_name", 
"table_name", 
"parent_entity_id", 
"child_entity_id", 
"parent_column_name", 
"child_column_name", 
"index_name")
 VALUES ('7a63af31-930a-4632-92c7-a90d7fd1b651', 
'MxModelReflection.MxObjectReference_MxObjectType_Child', 
'mxmodelreflection$mxobjectreference_mxobjecttype_child', 
'e621bdc4-02d0-4cf1-82b3-014db5b514d1', 
'e560b1cf-fa41-4fb1-9a2f-cfd77c16737e', 
'mxmodelreflection$mxobjectreferenceid', 
'mxmodelreflection$mxobjecttypeid', 
'idx_mxmodelreflection$mxobjectreference_mxobjecttype_child_mxmodelreflection$mxobjecttype_mxmodelreflection$mxobjectreference');
CREATE TABLE "xlsreport$mxrowsettings" (
	"id" BIGINT NOT NULL,
	"rowheight" INT NULL,
	"changeddate" TIMESTAMP NULL,
	"createddate" TIMESTAMP NULL,
	"rowindex" INT NULL,
	"defaultheight" BOOLEAN NULL,
	"system$owner" BIGINT NULL,
	"system$changedby" BIGINT NULL,
	PRIMARY KEY("id"));
CREATE INDEX "idx_xlsreport$mxrowsettings_system$owner" ON "xlsreport$mxrowsettings" ("system$owner" ASC,"id" ASC);
CREATE INDEX "idx_xlsreport$mxrowsettings_system$changedby" ON "xlsreport$mxrowsettings" ("system$changedby" ASC,"id" ASC);
INSERT INTO "mendixsystem$entity" ("id", 
"entity_name", 
"table_name", 
"remote", 
"remote_primary_key")
 VALUES ('fe073a61-6c9d-4019-8458-b4213fb0ea8a', 
'XLSReport.MxRowSettings', 
'xlsreport$mxrowsettings', 
false, 
false);
INSERT INTO "mendixsystem$attribute" ("id", 
"entity_id", 
"attribute_name", 
"column_name", 
"type", 
"length", 
"default_value", 
"is_auto_number")
 VALUES ('31bf868c-d59b-44cc-8c59-ca69aec42891', 
'fe073a61-6c9d-4019-8458-b4213fb0ea8a', 
'RowHeight', 
'rowheight', 
3, 
0, 
'0', 
false);
INSERT INTO "mendixsystem$attribute" ("id", 
"entity_id", 
"attribute_name", 
"column_name", 
"type", 
"length", 
"default_value", 
"is_auto_number")
 VALUES ('2b60fd2f-aa7c-35ce-90e0-8bf7fed2988a', 
'fe073a61-6c9d-4019-8458-b4213fb0ea8a', 
'changedDate', 
'changeddate', 
20, 
0, 
'', 
false);
INSERT INTO "mendixsystem$attribute" ("id", 
"entity_id", 
"attribute_name", 
"column_name", 
"type", 
"length", 
"default_value", 
"is_auto_number")
 VALUES ('a5b5101f-2913-32e1-b9e5-87a019f9d970', 
'fe073a61-6c9d-4019-8458-b4213fb0ea8a', 
'createdDate', 
'createddate', 
20, 
0, 
'', 
false);
INSERT INTO "mendixsystem$attribute" ("id", 
"entity_id", 
"attribute_name", 
"column_name", 
"type", 
"length", 
"default_value", 
"is_auto_number")
 VALUES ('284ab3e6-8da1-4148-99ae-55e93465918f', 
'fe073a61-6c9d-4019-8458-b4213fb0ea8a', 
'RowIndex', 
'rowindex', 
3, 
0, 
'0', 
false);
INSERT INTO "mendixsystem$attribute" ("id", 
"entity_id", 
"attribute_name", 
"column_name", 
"type", 
"length", 
"default_value", 
"is_auto_number")
 VALUES ('72f39455-db2e-4f3e-b272-d4366e4d1a8d', 
'fe073a61-6c9d-4019-8458-b4213fb0ea8a', 
'DefaultHeight', 
'defaultheight', 
10, 
0, 
'false', 
false);
INSERT INTO "mendixsystem$index" ("id", 
"table_id", 
"index_name")
 VALUES ('7b64bdef-2933-3820-b795-e8f4aae4811b', 
'fe073a61-6c9d-4019-8458-b4213fb0ea8a', 
'idx_xlsreport$mxrowsettings_system$owner');
INSERT INTO "mendixsystem$index_column" ("index_id", 
"column_id", 
"sort_order", 
"ordinal")
 VALUES ('7b64bdef-2933-3820-b795-e8f4aae4811b', 
'c8d349f6-f7de-3de4-9030-f15f07299593', 
false, 
0);
INSERT INTO "mendixsystem$index" ("id", 
"table_id", 
"index_name")
 VALUES ('6dea91a9-60c8-36dd-845c-9a42a2d02cba', 
'fe073a61-6c9d-4019-8458-b4213fb0ea8a', 
'idx_xlsreport$mxrowsettings_system$changedby');
INSERT INTO "mendixsystem$index_column" ("index_id", 
"column_id", 
"sort_order", 
"ordinal")
 VALUES ('6dea91a9-60c8-36dd-845c-9a42a2d02cba', 
'947cc94e-d420-385d-9b6d-86f296264c2d', 
false, 
0);
INSERT INTO "mendixsystem$association" ("id", 
"association_name", 
"table_name", 
"parent_entity_id", 
"child_entity_id", 
"parent_column_name", 
"child_column_name")
 VALUES ('c8d349f6-f7de-3de4-9030-f15f07299593', 
'System.owner', 
'system$owner', 
'fe073a61-6c9d-4019-8458-b4213fb0ea8a', 
'282e2e60-88a5-469d-84a5-ba8d9151644f', 
'id', 
'system$owner');
INSERT INTO "mendixsystem$association" ("id", 
"association_name", 
"table_name", 
"parent_entity_id", 
"child_entity_id", 
"parent_column_name", 
"child_column_name")
 VALUES ('947cc94e-d420-385d-9b6d-86f296264c2d', 
'System.changedBy', 
'system$changedby', 
'fe073a61-6c9d-4019-8458-b4213fb0ea8a', 
'282e2e60-88a5-469d-84a5-ba8d9151644f', 
'id', 
'system$changedby');
CREATE TABLE "xlsreport$mxrowsettings_mxsheet" (
	"xlsreport$mxrowsettingsid" BIGINT NOT NULL,
	"xlsreport$mxsheetid" BIGINT NOT NULL,
	PRIMARY KEY("xlsreport$mxrowsettingsid","xlsreport$mxsheetid"),
	CONSTRAINT "uniq_xlsreport$mxrowsettings_mxsheet_xlsreport$mxrowsettingsid" UNIQUE ("xlsreport$mxrowsettingsid"));
CREATE INDEX "idx_xlsreport$mxrowsettings_mxsheet_xlsreport$mxsheet_xlsreport$mxrowsettings" ON "xlsreport$mxrowsettings_mxsheet" ("xlsreport$mxsheetid" ASC,"xlsreport$mxrowsettingsid" ASC);
INSERT INTO "mendixsystem$association" ("id", 
"association_name", 
"table_name", 
"parent_entity_id", 
"child_entity_id", 
"parent_column_name", 
"child_column_name", 
"index_name")
 VALUES ('491c2963-9bfb-484d-bcda-c3446fff90dd', 
'XLSReport.MxRowSettings_MxSheet', 
'xlsreport$mxrowsettings_mxsheet', 
'fe073a61-6c9d-4019-8458-b4213fb0ea8a', 
'26baa3bd-fd4c-421b-8ab3-b060d6e832f2', 
'xlsreport$mxrowsettingsid', 
'xlsreport$mxsheetid', 
'idx_xlsreport$mxrowsettings_mxsheet_xlsreport$mxsheet_xlsreport$mxrowsettings');
INSERT INTO "mendixsystem$unique_constraint" ("name", 
"table_id", 
"column_id")
 VALUES ('uniq_xlsreport$mxrowsettings_mxsheet_xlsreport$mxrowsettingsid', 
'491c2963-9bfb-484d-bcda-c3446fff90dd', 
'24ffcad3-7360-3f47-9418-750ff6d88d3d');
CREATE TABLE "mxmodelreflection$valuetype" (
	"id" BIGINT NOT NULL,
	"changeddate" TIMESTAMP NULL,
	"createddate" TIMESTAMP NULL,
	"typeenum" VARCHAR_IGNORECASE(11) NULL,
	"name" VARCHAR_IGNORECASE(200) NULL,
	"system$changedby" BIGINT NULL,
	"system$owner" BIGINT NULL,
	PRIMARY KEY("id"));
CREATE INDEX "idx_mxmodelreflection$valuetype_system$changedby" ON "mxmodelreflection$valuetype" ("system$changedby" ASC,"id" ASC);
CREATE INDEX "idx_mxmodelreflection$valuetype_system$owner" ON "mxmodelreflection$valuetype" ("system$owner" ASC,"id" ASC);
INSERT INTO "mendixsystem$entity" ("id", 
"entity_name", 
"table_name", 
"remote", 
"remote_primary_key")
 VALUES ('c16dea89-2d7f-4d60-8716-2c6fa8176500', 
'MxModelReflection.ValueType', 
'mxmodelreflection$valuetype', 
false, 
false);
INSERT INTO "mendixsystem$attribute" ("id", 
"entity_id", 
"attribute_name", 
"column_name", 
"type", 
"length", 
"default_value", 
"is_auto_number")
 VALUES ('5a237f17-a580-36ea-83fa-c260c2bee21d', 
'c16dea89-2d7f-4d60-8716-2c6fa8176500', 
'changedDate', 
'changeddate', 
20, 
0, 
'', 
false);
INSERT INTO "mendixsystem$attribute" ("id", 
"entity_id", 
"attribute_name", 
"column_name", 
"type", 
"length", 
"default_value", 
"is_auto_number")
 VALUES ('6c8c6693-1c8c-3d43-9988-37918aa3baca', 
'c16dea89-2d7f-4d60-8716-2c6fa8176500', 
'createdDate', 
'createddate', 
20, 
0, 
'', 
false);
INSERT INTO "mendixsystem$attribute" ("id", 
"entity_id", 
"attribute_name", 
"column_name", 
"type", 
"length", 
"default_value", 
"is_auto_number")
 VALUES ('ccd869a9-5736-4cfe-a60c-16ffa480393c', 
'c16dea89-2d7f-4d60-8716-2c6fa8176500', 
'TypeEnum', 
'typeenum', 
40, 
11, 
'', 
false);
INSERT INTO "mendixsystem$attribute" ("id", 
"entity_id", 
"attribute_name", 
"column_name", 
"type", 
"length", 
"default_value", 
"is_auto_number")
 VALUES ('01d969d2-6c47-48aa-be43-d2e7544eff80', 
'c16dea89-2d7f-4d60-8716-2c6fa8176500', 
'Name', 
'name', 
30, 
200, 
'', 
false);
INSERT INTO "mendixsystem$index" ("id", 
"table_id", 
"index_name")
 VALUES ('cf4617cf-d9dc-3585-a76a-3861c6fc093d', 
'c16dea89-2d7f-4d60-8716-2c6fa8176500', 
'idx_mxmodelreflection$valuetype_system$changedby');
INSERT INTO "mendixsystem$index_column" ("index_id", 
"column_id", 
"sort_order", 
"ordinal")
 VALUES ('cf4617cf-d9dc-3585-a76a-3861c6fc093d', 
'62d27ad1-fd17-34b5-984c-a356128e13f6', 
false, 
0);
INSERT INTO "mendixsystem$index" ("id", 
"table_id", 
"index_name")
 VALUES ('8c6677a1-df9d-3ec8-b2e9-0afb56e04af6', 
'c16dea89-2d7f-4d60-8716-2c6fa8176500', 
'idx_mxmodelreflection$valuetype_system$owner');
INSERT INTO "mendixsystem$index_column" ("index_id", 
"column_id", 
"sort_order", 
"ordinal")
 VALUES ('8c6677a1-df9d-3ec8-b2e9-0afb56e04af6', 
'85ce9a36-36b9-3be6-8574-a36712f3ea8f', 
false, 
0);
INSERT INTO "mendixsystem$association" ("id", 
"association_name", 
"table_name", 
"parent_entity_id", 
"child_entity_id", 
"parent_column_name", 
"child_column_name")
 VALUES ('62d27ad1-fd17-34b5-984c-a356128e13f6', 
'System.changedBy', 
'system$changedby', 
'c16dea89-2d7f-4d60-8716-2c6fa8176500', 
'282e2e60-88a5-469d-84a5-ba8d9151644f', 
'id', 
'system$changedby');
INSERT INTO "mendixsystem$association" ("id", 
"association_name", 
"table_name", 
"parent_entity_id", 
"child_entity_id", 
"parent_column_name", 
"child_column_name")
 VALUES ('85ce9a36-36b9-3be6-8574-a36712f3ea8f', 
'System.owner', 
'system$owner', 
'c16dea89-2d7f-4d60-8716-2c6fa8176500', 
'282e2e60-88a5-469d-84a5-ba8d9151644f', 
'id', 
'system$owner');
CREATE TABLE "mxmodelreflection$valuetype_mxobjecttype" (
	"mxmodelreflection$valuetypeid" BIGINT NOT NULL,
	"mxmodelreflection$mxobjecttypeid" BIGINT NOT NULL,
	PRIMARY KEY("mxmodelreflection$valuetypeid","mxmodelreflection$mxobjecttypeid"),
	CONSTRAINT "uniq_mxmodelreflection$valuetype_mxobjecttype_mxmodelreflection$valuetypeid" UNIQUE ("mxmodelreflection$valuetypeid"));
CREATE INDEX "idx_mxmodelreflection$valuetype_mxobjecttype_mxmodelreflection$mxobjecttype_mxmodelreflection$valuetype" ON "mxmodelreflection$valuetype_mxobjecttype" ("mxmodelreflection$mxobjecttypeid" ASC,"mxmodelreflection$valuetypeid" ASC);
INSERT INTO "mendixsystem$association" ("id", 
"association_name", 
"table_name", 
"parent_entity_id", 
"child_entity_id", 
"parent_column_name", 
"child_column_name", 
"index_name")
 VALUES ('7cad9aa5-f0b7-4619-b1f2-575ff62bc97a', 
'MxModelReflection.ValueType_MxObjectType', 
'mxmodelreflection$valuetype_mxobjecttype', 
'c16dea89-2d7f-4d60-8716-2c6fa8176500', 
'e560b1cf-fa41-4fb1-9a2f-cfd77c16737e', 
'mxmodelreflection$valuetypeid', 
'mxmodelreflection$mxobjecttypeid', 
'idx_mxmodelreflection$valuetype_mxobjecttype_mxmodelreflection$mxobjecttype_mxmodelreflection$valuetype');
INSERT INTO "mendixsystem$unique_constraint" ("name", 
"table_id", 
"column_id")
 VALUES ('uniq_mxmodelreflection$valuetype_mxobjecttype_mxmodelreflection$valuetypeid', 
'7cad9aa5-f0b7-4619-b1f2-575ff62bc97a', 
'90b4c6b0-3c12-3916-b704-e9d5eb5197a7');
CREATE TABLE "xlsreport$mxtemplate" (
	"id" BIGINT NOT NULL,
	"changeddate" TIMESTAMP NULL,
	"description" VARCHAR_IGNORECASE(2147483647) NULL,
	"createddate" TIMESTAMP NULL,
	"csvseparator" VARCHAR_IGNORECASE(9) NULL,
	"datetimepresentation" VARCHAR_IGNORECASE(12) NULL,
	"documenttype" VARCHAR_IGNORECASE(4) NULL,
	"customedateformat" VARCHAR_IGNORECASE(200) NULL,
	"templateid" BIGINT NULL,
	"name" VARCHAR_IGNORECASE(200) NULL,
	"system$changedby" BIGINT NULL,
	"system$owner" BIGINT NULL,
	PRIMARY KEY("id"));
CREATE SEQUENCE "xlsreport$mxtemplate_templateid_mxseq" AS BIGINT START WITH 1;
CREATE INDEX "idx_xlsreport$mxtemplate_system$changedby" ON "xlsreport$mxtemplate" ("system$changedby" ASC,"id" ASC);
CREATE INDEX "idx_xlsreport$mxtemplate_system$owner" ON "xlsreport$mxtemplate" ("system$owner" ASC,"id" ASC);
INSERT INTO "mendixsystem$entity" ("id", 
"entity_name", 
"table_name", 
"remote", 
"remote_primary_key")
 VALUES ('664759c4-45f7-46e9-a888-4680c7f274f2', 
'XLSReport.MxTemplate', 
'xlsreport$mxtemplate', 
false, 
false);
INSERT INTO "mendixsystem$attribute" ("id", 
"entity_id", 
"attribute_name", 
"column_name", 
"type", 
"length", 
"default_value", 
"is_auto_number")
 VALUES ('686ca406-5a01-301d-a881-d8ffaa6c1401', 
'664759c4-45f7-46e9-a888-4680c7f274f2', 
'changedDate', 
'changeddate', 
20, 
0, 
'', 
false);
INSERT INTO "mendixsystem$attribute" ("id", 
"entity_id", 
"attribute_name", 
"column_name", 
"type", 
"length", 
"default_value", 
"is_auto_number")
 VALUES ('53d3e322-edcb-4bdb-8e01-5f1f497a7708', 
'664759c4-45f7-46e9-a888-4680c7f274f2', 
'Description', 
'description', 
30, 
0, 
'', 
false);
INSERT INTO "mendixsystem$attribute" ("id", 
"entity_id", 
"attribute_name", 
"column_name", 
"type", 
"length", 
"default_value", 
"is_auto_number")
 VALUES ('5c0b001a-b012-34ac-9391-7a23e64d40f3', 
'664759c4-45f7-46e9-a888-4680c7f274f2', 
'createdDate', 
'createddate', 
20, 
0, 
'', 
false);
INSERT INTO "mendixsystem$attribute" ("id", 
"entity_id", 
"attribute_name", 
"column_name", 
"type", 
"length", 
"default_value", 
"is_auto_number")
 VALUES ('e929fdca-e2f9-4b56-bd33-0270630eb212', 
'664759c4-45f7-46e9-a888-4680c7f274f2', 
'CSVSeparator', 
'csvseparator', 
40, 
9, 
'', 
false);
INSERT INTO "mendixsystem$attribute" ("id", 
"entity_id", 
"attribute_name", 
"column_name", 
"type", 
"length", 
"default_value", 
"is_auto_number")
 VALUES ('376aaefc-152f-4628-b920-81dd768e28a9', 
'664759c4-45f7-46e9-a888-4680c7f274f2', 
'DateTimePresentation', 
'datetimepresentation', 
40, 
12, 
'', 
false);
INSERT INTO "mendixsystem$attribute" ("id", 
"entity_id", 
"attribute_name", 
"column_name", 
"type", 
"length", 
"default_value", 
"is_auto_number")
 VALUES ('1663f62e-bd1c-46f1-ab96-2ad82137dc34', 
'664759c4-45f7-46e9-a888-4680c7f274f2', 
'DocumentType', 
'documenttype', 
40, 
4, 
'XLS', 
false);
INSERT INTO "mendixsystem$attribute" ("id", 
"entity_id", 
"attribute_name", 
"column_name", 
"type", 
"length", 
"default_value", 
"is_auto_number")
 VALUES ('5222e7d6-2a87-43dc-abfe-e971d560b725', 
'664759c4-45f7-46e9-a888-4680c7f274f2', 
'CustomeDateFormat', 
'customedateformat', 
30, 
200, 
'', 
false);
INSERT INTO "mendixsystem$attribute" ("id", 
"entity_id", 
"attribute_name", 
"column_name", 
"type", 
"length", 
"default_value", 
"is_auto_number")
 VALUES ('e173b6a5-b26e-4ab2-bd20-fb3782887426', 
'664759c4-45f7-46e9-a888-4680c7f274f2', 
'TemplateID', 
'templateid', 
0, 
0, 
'1', 
true);
INSERT INTO "mendixsystem$sequence" ("attribute_id", 
"name", 
"start_value", 
"current_value")
 VALUES ('e173b6a5-b26e-4ab2-bd20-fb3782887426', 
'xlsreport$mxtemplate_templateid_mxseq', 
1, 
0);
INSERT INTO "mendixsystem$attribute" ("id", 
"entity_id", 
"attribute_name", 
"column_name", 
"type", 
"length", 
"default_value", 
"is_auto_number")
 VALUES ('20b71de4-7c7f-495d-93bc-10fb39c4354c', 
'664759c4-45f7-46e9-a888-4680c7f274f2', 
'Name', 
'name', 
30, 
200, 
'', 
false);
INSERT INTO "mendixsystem$index" ("id", 
"table_id", 
"index_name")
 VALUES ('cce7518f-ffd8-3f5f-9460-fb0ef22490b1', 
'664759c4-45f7-46e9-a888-4680c7f274f2', 
'idx_xlsreport$mxtemplate_system$changedby');
INSERT INTO "mendixsystem$index_column" ("index_id", 
"column_id", 
"sort_order", 
"ordinal")
 VALUES ('cce7518f-ffd8-3f5f-9460-fb0ef22490b1', 
'7f51b335-e234-3b2a-8d6d-328db52fe391', 
false, 
0);
INSERT INTO "mendixsystem$index" ("id", 
"table_id", 
"index_name")
 VALUES ('508978a1-b722-3d9c-92e9-4240c49642a1', 
'664759c4-45f7-46e9-a888-4680c7f274f2', 
'idx_xlsreport$mxtemplate_system$owner');
INSERT INTO "mendixsystem$index_column" ("index_id", 
"column_id", 
"sort_order", 
"ordinal")
 VALUES ('508978a1-b722-3d9c-92e9-4240c49642a1', 
'2450d8b4-cafb-3838-8131-eaecbf4fbeff', 
false, 
0);
INSERT INTO "mendixsystem$association" ("id", 
"association_name", 
"table_name", 
"parent_entity_id", 
"child_entity_id", 
"parent_column_name", 
"child_column_name")
 VALUES ('7f51b335-e234-3b2a-8d6d-328db52fe391', 
'System.changedBy', 
'system$changedby', 
'664759c4-45f7-46e9-a888-4680c7f274f2', 
'282e2e60-88a5-469d-84a5-ba8d9151644f', 
'id', 
'system$changedby');
INSERT INTO "mendixsystem$association" ("id", 
"association_name", 
"table_name", 
"parent_entity_id", 
"child_entity_id", 
"parent_column_name", 
"child_column_name")
 VALUES ('2450d8b4-cafb-3838-8131-eaecbf4fbeff', 
'System.owner', 
'system$owner', 
'664759c4-45f7-46e9-a888-4680c7f274f2', 
'282e2e60-88a5-469d-84a5-ba8d9151644f', 
'id', 
'system$owner');
CREATE TABLE "xlsreport$mxtemplate_inputobject" (
	"xlsreport$mxtemplateid" BIGINT NOT NULL,
	"mxmodelreflection$mxobjecttypeid" BIGINT NOT NULL,
	PRIMARY KEY("xlsreport$mxtemplateid","mxmodelreflection$mxobjecttypeid"),
	CONSTRAINT "uniq_xlsreport$mxtemplate_inputobject_xlsreport$mxtemplateid" UNIQUE ("xlsreport$mxtemplateid"));
CREATE INDEX "idx_xlsreport$mxtemplate_inputobject_mxmodelreflection$mxobjecttype_xlsreport$mxtemplate" ON "xlsreport$mxtemplate_inputobject" ("mxmodelreflection$mxobjecttypeid" ASC,"xlsreport$mxtemplateid" ASC);
INSERT INTO "mendixsystem$association" ("id", 
"association_name", 
"table_name", 
"parent_entity_id", 
"child_entity_id", 
"parent_column_name", 
"child_column_name", 
"index_name")
 VALUES ('d65353c7-0f13-4615-9bb5-44418ab7a0f9', 
'XLSReport.MxTemplate_InputObject', 
'xlsreport$mxtemplate_inputobject', 
'664759c4-45f7-46e9-a888-4680c7f274f2', 
'e560b1cf-fa41-4fb1-9a2f-cfd77c16737e', 
'xlsreport$mxtemplateid', 
'mxmodelreflection$mxobjecttypeid', 
'idx_xlsreport$mxtemplate_inputobject_mxmodelreflection$mxobjecttype_xlsreport$mxtemplate');
INSERT INTO "mendixsystem$unique_constraint" ("name", 
"table_id", 
"column_id")
 VALUES ('uniq_xlsreport$mxtemplate_inputobject_xlsreport$mxtemplateid', 
'd65353c7-0f13-4615-9bb5-44418ab7a0f9', 
'061fb6b5-1f7c-3c5e-b1b8-924af6175b2f');
CREATE TABLE "xlsreport$mxtemplate_customexcel" (
	"xlsreport$mxtemplateid" BIGINT NOT NULL,
	"xlsreport$customexcelid" BIGINT NOT NULL,
	PRIMARY KEY("xlsreport$mxtemplateid","xlsreport$customexcelid"),
	CONSTRAINT "uniq_xlsreport$mxtemplate_customexcel_xlsreport$mxtemplateid" UNIQUE ("xlsreport$mxtemplateid"));
CREATE INDEX "idx_xlsreport$mxtemplate_customexcel_xlsreport$customexcel_xlsreport$mxtemplate" ON "xlsreport$mxtemplate_customexcel" ("xlsreport$customexcelid" ASC,"xlsreport$mxtemplateid" ASC);
INSERT INTO "mendixsystem$association" ("id", 
"association_name", 
"table_name", 
"parent_entity_id", 
"child_entity_id", 
"parent_column_name", 
"child_column_name", 
"index_name")
 VALUES ('c6f83e71-ddec-4c8d-9a0c-b21583689f39', 
'XLSReport.MxTemplate_CustomExcel', 
'xlsreport$mxtemplate_customexcel', 
'664759c4-45f7-46e9-a888-4680c7f274f2', 
'4891f3e4-8465-44de-a459-9e8971cef4eb', 
'xlsreport$mxtemplateid', 
'xlsreport$customexcelid', 
'idx_xlsreport$mxtemplate_customexcel_xlsreport$customexcel_xlsreport$mxtemplate');
INSERT INTO "mendixsystem$unique_constraint" ("name", 
"table_id", 
"column_id")
 VALUES ('uniq_xlsreport$mxtemplate_customexcel_xlsreport$mxtemplateid', 
'c6f83e71-ddec-4c8d-9a0c-b21583689f39', 
'0f39dd27-8c23-3c4e-b1b6-9fe4cc47c332');
CREATE TABLE "xlsreport$mxxpath" (
	"id" BIGINT NOT NULL,
	"retrievetype" VARCHAR_IGNORECASE(9) NULL,
	"subvisible" BOOLEAN NULL,
	PRIMARY KEY("id"));
INSERT INTO "mendixsystem$entity" ("id", 
"entity_name", 
"table_name", 
"remote", 
"remote_primary_key")
 VALUES ('17bdece5-a6ab-4f25-acdb-364af05dc62c', 
'XLSReport.MxXPath', 
'xlsreport$mxxpath', 
false, 
false);
INSERT INTO "mendixsystem$attribute" ("id", 
"entity_id", 
"attribute_name", 
"column_name", 
"type", 
"length", 
"default_value", 
"is_auto_number")
 VALUES ('20ab0b3b-a1b4-4d72-bd93-e5f1ad895195', 
'17bdece5-a6ab-4f25-acdb-364af05dc62c', 
'RetrieveType', 
'retrievetype', 
40, 
9, 
'', 
false);
INSERT INTO "mendixsystem$attribute" ("id", 
"entity_id", 
"attribute_name", 
"column_name", 
"type", 
"length", 
"default_value", 
"is_auto_number")
 VALUES ('fb5b8fa4-20ad-4ef6-bbcf-2d2725dc277e', 
'17bdece5-a6ab-4f25-acdb-364af05dc62c', 
'SubVisible', 
'subvisible', 
10, 
0, 
'false', 
false);
CREATE TABLE "xlsreport$mxxpath_parentmxxpath" (
	"xlsreport$mxxpathid1" BIGINT NOT NULL,
	"xlsreport$mxxpathid2" BIGINT NOT NULL,
	PRIMARY KEY("xlsreport$mxxpathid1","xlsreport$mxxpathid2"),
	CONSTRAINT "uniq_xlsreport$mxxpath_parentmxxpath_xlsreport$mxxpathid1" UNIQUE ("xlsreport$mxxpathid1"));
CREATE INDEX "idx_xlsreport$mxxpath_parentmxxpath_xlsreport$mxxpath_xlsreport$mxxpath" ON "xlsreport$mxxpath_parentmxxpath" ("xlsreport$mxxpathid2" ASC,"xlsreport$mxxpathid1" ASC);
INSERT INTO "mendixsystem$association" ("id", 
"association_name", 
"table_name", 
"parent_entity_id", 
"child_entity_id", 
"parent_column_name", 
"child_column_name", 
"index_name")
 VALUES ('7f19c49a-367f-4250-92be-fec907e5c910', 
'XLSReport.MxXPath_ParentMxXPath', 
'xlsreport$mxxpath_parentmxxpath', 
'17bdece5-a6ab-4f25-acdb-364af05dc62c', 
'17bdece5-a6ab-4f25-acdb-364af05dc62c', 
'xlsreport$mxxpathid1', 
'xlsreport$mxxpathid2', 
'idx_xlsreport$mxxpath_parentmxxpath_xlsreport$mxxpath_xlsreport$mxxpath');
INSERT INTO "mendixsystem$unique_constraint" ("name", 
"table_id", 
"column_id")
 VALUES ('uniq_xlsreport$mxxpath_parentmxxpath_xlsreport$mxxpathid1', 
'7f19c49a-367f-4250-92be-fec907e5c910', 
'b6d1d728-c257-322c-867d-348e63840266');
CREATE TABLE "xlsreport$mxxpath_mxobjectmember" (
	"xlsreport$mxxpathid" BIGINT NOT NULL,
	"mxmodelreflection$mxobjectmemberid" BIGINT NOT NULL,
	PRIMARY KEY("xlsreport$mxxpathid","mxmodelreflection$mxobjectmemberid"),
	CONSTRAINT "uniq_xlsreport$mxxpath_mxobjectmember_xlsreport$mxxpathid" UNIQUE ("xlsreport$mxxpathid"));
CREATE INDEX "idx_xlsreport$mxxpath_mxobjectmember_mxmodelreflection$mxobjectmember_xlsreport$mxxpath" ON "xlsreport$mxxpath_mxobjectmember" ("mxmodelreflection$mxobjectmemberid" ASC,"xlsreport$mxxpathid" ASC);
INSERT INTO "mendixsystem$association" ("id", 
"association_name", 
"table_name", 
"parent_entity_id", 
"child_entity_id", 
"parent_column_name", 
"child_column_name", 
"index_name")
 VALUES ('9b1019ad-097f-43e8-9f32-271ca9014432', 
'XLSReport.MxXPath_MxObjectMember', 
'xlsreport$mxxpath_mxobjectmember', 
'17bdece5-a6ab-4f25-acdb-364af05dc62c', 
'7cd802fc-7e11-4ba1-ad0f-baefb72f7a21', 
'xlsreport$mxxpathid', 
'mxmodelreflection$mxobjectmemberid', 
'idx_xlsreport$mxxpath_mxobjectmember_mxmodelreflection$mxobjectmember_xlsreport$mxxpath');
INSERT INTO "mendixsystem$unique_constraint" ("name", 
"table_id", 
"column_id")
 VALUES ('uniq_xlsreport$mxxpath_mxobjectmember_xlsreport$mxxpathid', 
'9b1019ad-097f-43e8-9f32-271ca9014432', 
'5041417c-9c9f-3718-b293-0591a2f896f4');
CREATE TABLE "xlsreport$mxxpath_mxobjectreference" (
	"xlsreport$mxxpathid" BIGINT NOT NULL,
	"mxmodelreflection$mxobjectreferenceid" BIGINT NOT NULL,
	PRIMARY KEY("xlsreport$mxxpathid","mxmodelreflection$mxobjectreferenceid"),
	CONSTRAINT "uniq_xlsreport$mxxpath_mxobjectreference_xlsreport$mxxpathid" UNIQUE ("xlsreport$mxxpathid"));
CREATE INDEX "idx_xlsreport$mxxpath_mxobjectreference_mxmodelreflection$mxobjectreference_xlsreport$mxxpath" ON "xlsreport$mxxpath_mxobjectreference" ("mxmodelreflection$mxobjectreferenceid" ASC,"xlsreport$mxxpathid" ASC);
INSERT INTO "mendixsystem$association" ("id", 
"association_name", 
"table_name", 
"parent_entity_id", 
"child_entity_id", 
"parent_column_name", 
"child_column_name", 
"index_name")
 VALUES ('9858bd40-4fb1-4260-957a-100ca096f849', 
'XLSReport.MxXPath_MxObjectReference', 
'xlsreport$mxxpath_mxobjectreference', 
'17bdece5-a6ab-4f25-acdb-364af05dc62c', 
'e621bdc4-02d0-4cf1-82b3-014db5b514d1', 
'xlsreport$mxxpathid', 
'mxmodelreflection$mxobjectreferenceid', 
'idx_xlsreport$mxxpath_mxobjectreference_mxmodelreflection$mxobjectreference_xlsreport$mxxpath');
INSERT INTO "mendixsystem$unique_constraint" ("name", 
"table_id", 
"column_id")
 VALUES ('uniq_xlsreport$mxxpath_mxobjectreference_xlsreport$mxxpathid', 
'9858bd40-4fb1-4260-957a-100ca096f849', 
'21a4eab3-762c-3494-88ab-06a7d1f40433');
CREATE TABLE "xlsreport$childmxxpath_mxxpath" (
	"xlsreport$mxxpathid1" BIGINT NOT NULL,
	"xlsreport$mxxpathid2" BIGINT NOT NULL,
	PRIMARY KEY("xlsreport$mxxpathid1","xlsreport$mxxpathid2"),
	CONSTRAINT "uniq_xlsreport$childmxxpath_mxxpath_xlsreport$mxxpathid1" UNIQUE ("xlsreport$mxxpathid1"));
CREATE INDEX "idx_xlsreport$childmxxpath_mxxpath_xlsreport$mxxpath_xlsreport$mxxpath" ON "xlsreport$childmxxpath_mxxpath" ("xlsreport$mxxpathid2" ASC,"xlsreport$mxxpathid1" ASC);
INSERT INTO "mendixsystem$association" ("id", 
"association_name", 
"table_name", 
"parent_entity_id", 
"child_entity_id", 
"parent_column_name", 
"child_column_name", 
"index_name")
 VALUES ('1fcebef6-0416-41e9-bde1-544aad0d484a', 
'XLSReport.ChildMxXPath_MxXPath', 
'xlsreport$childmxxpath_mxxpath', 
'17bdece5-a6ab-4f25-acdb-364af05dc62c', 
'17bdece5-a6ab-4f25-acdb-364af05dc62c', 
'xlsreport$mxxpathid1', 
'xlsreport$mxxpathid2', 
'idx_xlsreport$childmxxpath_mxxpath_xlsreport$mxxpath_xlsreport$mxxpath');
INSERT INTO "mendixsystem$unique_constraint" ("name", 
"table_id", 
"column_id")
 VALUES ('uniq_xlsreport$childmxxpath_mxxpath_xlsreport$mxxpathid1', 
'1fcebef6-0416-41e9-bde1-544aad0d484a', 
'acb65f9f-7c94-3557-86a0-84b22e0048e4');
CREATE TABLE "xlsreport$mxxpath_mxdata" (
	"xlsreport$mxxpathid" BIGINT NOT NULL,
	"xlsreport$mxdataid" BIGINT NOT NULL,
	PRIMARY KEY("xlsreport$mxxpathid","xlsreport$mxdataid"),
	CONSTRAINT "uniq_xlsreport$mxxpath_mxdata_xlsreport$mxdataid" UNIQUE ("xlsreport$mxdataid"),
	CONSTRAINT "uniq_xlsreport$mxxpath_mxdata_xlsreport$mxxpathid" UNIQUE ("xlsreport$mxxpathid"));
CREATE INDEX "idx_xlsreport$mxxpath_mxdata_xlsreport$mxdata_xlsreport$mxxpath" ON "xlsreport$mxxpath_mxdata" ("xlsreport$mxdataid" ASC,"xlsreport$mxxpathid" ASC);
INSERT INTO "mendixsystem$association" ("id", 
"association_name", 
"table_name", 
"parent_entity_id", 
"child_entity_id", 
"parent_column_name", 
"child_column_name", 
"index_name")
 VALUES ('92847d85-0912-41c7-926d-d42c8bef1551', 
'XLSReport.MxXPath_MxData', 
'xlsreport$mxxpath_mxdata', 
'17bdece5-a6ab-4f25-acdb-364af05dc62c', 
'b234d4ce-c7cb-47e5-8549-191a11436283', 
'xlsreport$mxxpathid', 
'xlsreport$mxdataid', 
'idx_xlsreport$mxxpath_mxdata_xlsreport$mxdata_xlsreport$mxxpath');
INSERT INTO "mendixsystem$unique_constraint" ("name", 
"table_id", 
"column_id")
 VALUES ('uniq_xlsreport$mxxpath_mxdata_xlsreport$mxdataid', 
'92847d85-0912-41c7-926d-d42c8bef1551', 
'5dd079cf-8b97-351f-ba99-4e08b52ccec4');
INSERT INTO "mendixsystem$unique_constraint" ("name", 
"table_id", 
"column_id")
 VALUES ('uniq_xlsreport$mxxpath_mxdata_xlsreport$mxxpathid', 
'92847d85-0912-41c7-926d-d42c8bef1551', 
'00bfad1e-d240-356f-ac0b-0a743fa4055e');
CREATE TABLE "xlsreport$mxxpath_mxobjecttype" (
	"xlsreport$mxxpathid" BIGINT NOT NULL,
	"mxmodelreflection$mxobjecttypeid" BIGINT NOT NULL,
	PRIMARY KEY("xlsreport$mxxpathid","mxmodelreflection$mxobjecttypeid"),
	CONSTRAINT "uniq_xlsreport$mxxpath_mxobjecttype_xlsreport$mxxpathid" UNIQUE ("xlsreport$mxxpathid"));
CREATE INDEX "idx_xlsreport$mxxpath_mxobjecttype_mxmodelreflection$mxobjecttype_xlsreport$mxxpath" ON "xlsreport$mxxpath_mxobjecttype" ("mxmodelreflection$mxobjecttypeid" ASC,"xlsreport$mxxpathid" ASC);
INSERT INTO "mendixsystem$association" ("id", 
"association_name", 
"table_name", 
"parent_entity_id", 
"child_entity_id", 
"parent_column_name", 
"child_column_name", 
"index_name")
 VALUES ('95350020-80c7-4a2c-9992-82367954a7ce', 
'XLSReport.MxXPath_MxObjectType', 
'xlsreport$mxxpath_mxobjecttype', 
'17bdece5-a6ab-4f25-acdb-364af05dc62c', 
'e560b1cf-fa41-4fb1-9a2f-cfd77c16737e', 
'xlsreport$mxxpathid', 
'mxmodelreflection$mxobjecttypeid', 
'idx_xlsreport$mxxpath_mxobjecttype_mxmodelreflection$mxobjecttype_xlsreport$mxxpath');
INSERT INTO "mendixsystem$unique_constraint" ("name", 
"table_id", 
"column_id")
 VALUES ('uniq_xlsreport$mxxpath_mxobjecttype_xlsreport$mxxpathid', 
'95350020-80c7-4a2c-9992-82367954a7ce', 
'29c7136e-bcd1-3d31-8f16-320e6f0568e9');
CREATE TABLE "mxmodelreflection$microflows" (
	"id" BIGINT NOT NULL,
	"changeddate" TIMESTAMP NULL,
	"createddate" TIMESTAMP NULL,
	"module" VARCHAR_IGNORECASE(200) NULL,
	"completename" VARCHAR_IGNORECASE(200) NULL,
	"name" VARCHAR_IGNORECASE(200) NULL,
	"system$changedby" BIGINT NULL,
	"system$owner" BIGINT NULL,
	PRIMARY KEY("id"));
CREATE INDEX "idx_mxmodelreflection$microflows_system$changedby" ON "mxmodelreflection$microflows" ("system$changedby" ASC,"id" ASC);
CREATE INDEX "idx_mxmodelreflection$microflows_system$owner" ON "mxmodelreflection$microflows" ("system$owner" ASC,"id" ASC);
INSERT INTO "mendixsystem$entity" ("id", 
"entity_name", 
"table_name", 
"remote", 
"remote_primary_key")
 VALUES ('830056d1-d2b0-4edc-ad17-d8b1df0425df', 
'MxModelReflection.Microflows', 
'mxmodelreflection$microflows', 
false, 
false);
INSERT INTO "mendixsystem$attribute" ("id", 
"entity_id", 
"attribute_name", 
"column_name", 
"type", 
"length", 
"default_value", 
"is_auto_number")
 VALUES ('85b8ce2c-72fb-3dd4-bb5b-3f90fe132645', 
'830056d1-d2b0-4edc-ad17-d8b1df0425df', 
'changedDate', 
'changeddate', 
20, 
0, 
'', 
false);
INSERT INTO "mendixsystem$attribute" ("id", 
"entity_id", 
"attribute_name", 
"column_name", 
"type", 
"length", 
"default_value", 
"is_auto_number")
 VALUES ('db6efbcf-9e23-3b82-9134-9bd1e055b77c', 
'830056d1-d2b0-4edc-ad17-d8b1df0425df', 
'createdDate', 
'createddate', 
20, 
0, 
'', 
false);
INSERT INTO "mendixsystem$attribute" ("id", 
"entity_id", 
"attribute_name", 
"column_name", 
"type", 
"length", 
"default_value", 
"is_auto_number")
 VALUES ('ec80c78d-120e-4379-8d99-11848f630a68', 
'830056d1-d2b0-4edc-ad17-d8b1df0425df', 
'Module', 
'module', 
30, 
200, 
'', 
false);
INSERT INTO "mendixsystem$attribute" ("id", 
"entity_id", 
"attribute_name", 
"column_name", 
"type", 
"length", 
"default_value", 
"is_auto_number")
 VALUES ('6c4a9816-fa83-42f2-826e-207cb6320e07', 
'830056d1-d2b0-4edc-ad17-d8b1df0425df', 
'CompleteName', 
'completename', 
30, 
200, 
'', 
false);
INSERT INTO "mendixsystem$attribute" ("id", 
"entity_id", 
"attribute_name", 
"column_name", 
"type", 
"length", 
"default_value", 
"is_auto_number")
 VALUES ('fa0229ea-6f19-4fbb-a408-b4319344225a', 
'830056d1-d2b0-4edc-ad17-d8b1df0425df', 
'Name', 
'name', 
30, 
200, 
'', 
false);
INSERT INTO "mendixsystem$index" ("id", 
"table_id", 
"index_name")
 VALUES ('45cb8940-d40e-3c14-9094-76fc60cbb704', 
'830056d1-d2b0-4edc-ad17-d8b1df0425df', 
'idx_mxmodelreflection$microflows_system$changedby');
INSERT INTO "mendixsystem$index_column" ("index_id", 
"column_id", 
"sort_order", 
"ordinal")
 VALUES ('45cb8940-d40e-3c14-9094-76fc60cbb704', 
'6cf82ea9-3570-3866-b836-962d106cc616', 
false, 
0);
INSERT INTO "mendixsystem$index" ("id", 
"table_id", 
"index_name")
 VALUES ('81850861-04c3-305b-bdd3-78dd5f63f592', 
'830056d1-d2b0-4edc-ad17-d8b1df0425df', 
'idx_mxmodelreflection$microflows_system$owner');
INSERT INTO "mendixsystem$index_column" ("index_id", 
"column_id", 
"sort_order", 
"ordinal")
 VALUES ('81850861-04c3-305b-bdd3-78dd5f63f592', 
'2b356b56-b5e0-30db-8d67-3116cfd1d998', 
false, 
0);
INSERT INTO "mendixsystem$association" ("id", 
"association_name", 
"table_name", 
"parent_entity_id", 
"child_entity_id", 
"parent_column_name", 
"child_column_name")
 VALUES ('6cf82ea9-3570-3866-b836-962d106cc616', 
'System.changedBy', 
'system$changedby', 
'830056d1-d2b0-4edc-ad17-d8b1df0425df', 
'282e2e60-88a5-469d-84a5-ba8d9151644f', 
'id', 
'system$changedby');
INSERT INTO "mendixsystem$association" ("id", 
"association_name", 
"table_name", 
"parent_entity_id", 
"child_entity_id", 
"parent_column_name", 
"child_column_name")
 VALUES ('2b356b56-b5e0-30db-8d67-3116cfd1d998', 
'System.owner', 
'system$owner', 
'830056d1-d2b0-4edc-ad17-d8b1df0425df', 
'282e2e60-88a5-469d-84a5-ba8d9151644f', 
'id', 
'system$owner');
CREATE TABLE "mxmodelreflection$microflows_output_type" (
	"mxmodelreflection$microflowsid" BIGINT NOT NULL,
	"mxmodelreflection$valuetypeid" BIGINT NOT NULL,
	PRIMARY KEY("mxmodelreflection$microflowsid","mxmodelreflection$valuetypeid"),
	CONSTRAINT "uniq_mxmodelreflection$microflows_output_type_mxmodelreflection$microflowsid" UNIQUE ("mxmodelreflection$microflowsid"));
CREATE INDEX "idx_mxmodelreflection$microflows_output_type_mxmodelreflection$valuetype_mxmodelreflection$microflows" ON "mxmodelreflection$microflows_output_type" ("mxmodelreflection$valuetypeid" ASC,"mxmodelreflection$microflowsid" ASC);
INSERT INTO "mendixsystem$association" ("id", 
"association_name", 
"table_name", 
"parent_entity_id", 
"child_entity_id", 
"parent_column_name", 
"child_column_name", 
"index_name")
 VALUES ('e2f99672-4dbd-4e9d-9a12-3215fd800308', 
'MxModelReflection.Microflows_Output_Type', 
'mxmodelreflection$microflows_output_type', 
'830056d1-d2b0-4edc-ad17-d8b1df0425df', 
'c16dea89-2d7f-4d60-8716-2c6fa8176500', 
'mxmodelreflection$microflowsid', 
'mxmodelreflection$valuetypeid', 
'idx_mxmodelreflection$microflows_output_type_mxmodelreflection$valuetype_mxmodelreflection$microflows');
INSERT INTO "mendixsystem$unique_constraint" ("name", 
"table_id", 
"column_id")
 VALUES ('uniq_mxmodelreflection$microflows_output_type_mxmodelreflection$microflowsid', 
'e2f99672-4dbd-4e9d-9a12-3215fd800308', 
'aa41fa90-405d-3ad6-aac4-d692e96b3768');
CREATE TABLE "mxmodelreflection$microflows_module" (
	"mxmodelreflection$microflowsid" BIGINT NOT NULL,
	"mxmodelreflection$moduleid" BIGINT NOT NULL,
	PRIMARY KEY("mxmodelreflection$microflowsid","mxmodelreflection$moduleid"),
	CONSTRAINT "uniq_mxmodelreflection$microflows_module_mxmodelreflection$microflowsid" UNIQUE ("mxmodelreflection$microflowsid"));
CREATE INDEX "idx_mxmodelreflection$microflows_module_mxmodelreflection$module_mxmodelreflection$microflows" ON "mxmodelreflection$microflows_module" ("mxmodelreflection$moduleid" ASC,"mxmodelreflection$microflowsid" ASC);
INSERT INTO "mendixsystem$association" ("id", 
"association_name", 
"table_name", 
"parent_entity_id", 
"child_entity_id", 
"parent_column_name", 
"child_column_name", 
"index_name")
 VALUES ('9ade618f-b616-4cd1-be1e-b33bc02a1905', 
'MxModelReflection.Microflows_Module', 
'mxmodelreflection$microflows_module', 
'830056d1-d2b0-4edc-ad17-d8b1df0425df', 
'e7645cff-34e2-4529-86d0-22da758b4717', 
'mxmodelreflection$microflowsid', 
'mxmodelreflection$moduleid', 
'idx_mxmodelreflection$microflows_module_mxmodelreflection$module_mxmodelreflection$microflows');
INSERT INTO "mendixsystem$unique_constraint" ("name", 
"table_id", 
"column_id")
 VALUES ('uniq_mxmodelreflection$microflows_module_mxmodelreflection$microflowsid', 
'9ade618f-b616-4cd1-be1e-b33bc02a1905', 
'e108fc07-0ee5-3181-ad42-b996c85fb78d');
CREATE TABLE "mxmodelreflection$microflows_inputparameter" (
	"mxmodelreflection$microflowsid" BIGINT NOT NULL,
	"mxmodelreflection$parameterid" BIGINT NOT NULL,
	PRIMARY KEY("mxmodelreflection$microflowsid","mxmodelreflection$parameterid"));
CREATE INDEX "idx_mxmodelreflection$microflows_inputparameter_mxmodelreflection$parameter_mxmodelreflection$microflows" ON "mxmodelreflection$microflows_inputparameter" ("mxmodelreflection$parameterid" ASC,"mxmodelreflection$microflowsid" ASC);
INSERT INTO "mendixsystem$association" ("id", 
"association_name", 
"table_name", 
"parent_entity_id", 
"child_entity_id", 
"parent_column_name", 
"child_column_name", 
"index_name")
 VALUES ('511031f2-5580-44c4-8fe1-e1fce7a41c00', 
'MxModelReflection.Microflows_InputParameter', 
'mxmodelreflection$microflows_inputparameter', 
'830056d1-d2b0-4edc-ad17-d8b1df0425df', 
'5065a305-1d95-4268-bb58-0c6d89c6575c', 
'mxmodelreflection$microflowsid', 
'mxmodelreflection$parameterid', 
'idx_mxmodelreflection$microflows_inputparameter_mxmodelreflection$parameter_mxmodelreflection$microflows');
CREATE TABLE "mxmodelreflection$mxobjectenum" (
	"id" BIGINT NOT NULL,
	PRIMARY KEY("id"));
INSERT INTO "mendixsystem$entity" ("id", 
"entity_name", 
"table_name", 
"superentity_id", 
"remote", 
"remote_primary_key")
 VALUES ('6b9822f0-08f4-427a-ab71-1fd8fdf3aa0a', 
'MxModelReflection.MxObjectEnum', 
'mxmodelreflection$mxobjectenum', 
'7cd802fc-7e11-4ba1-ad0f-baefb72f7a21', 
false, 
false);
CREATE TABLE "mxmodelreflection$values" (
	"mxmodelreflection$mxobjectenumid" BIGINT NOT NULL,
	"mxmodelreflection$mxobjectenumvalueid" BIGINT NOT NULL,
	PRIMARY KEY("mxmodelreflection$mxobjectenumid","mxmodelreflection$mxobjectenumvalueid"));
CREATE INDEX "idx_mxmodelreflection$values_mxmodelreflection$mxobjectenumvalue_mxmodelreflection$mxobjectenum" ON "mxmodelreflection$values" ("mxmodelreflection$mxobjectenumvalueid" ASC,"mxmodelreflection$mxobjectenumid" ASC);
INSERT INTO "mendixsystem$association" ("id", 
"association_name", 
"table_name", 
"parent_entity_id", 
"child_entity_id", 
"parent_column_name", 
"child_column_name", 
"index_name")
 VALUES ('bc8fe855-60ef-428f-a40e-697e07e86caa', 
'MxModelReflection.Values', 
'mxmodelreflection$values', 
'6b9822f0-08f4-427a-ab71-1fd8fdf3aa0a', 
'c1e600d2-8684-4611-b170-458d2dae514c', 
'mxmodelreflection$mxobjectenumid', 
'mxmodelreflection$mxobjectenumvalueid', 
'idx_mxmodelreflection$values_mxmodelreflection$mxobjectenumvalue_mxmodelreflection$mxobjectenum');
CREATE TABLE "mxmodelreflection$mxobjectenumvalue" (
	"id" BIGINT NOT NULL,
	"changeddate" TIMESTAMP NULL,
	"createddate" TIMESTAMP NULL,
	"name" VARCHAR_IGNORECASE(200) NULL,
	"system$owner" BIGINT NULL,
	"system$changedby" BIGINT NULL,
	PRIMARY KEY("id"));
CREATE INDEX "idx_mxmodelreflection$mxobjectenumvalue_system$owner" ON "mxmodelreflection$mxobjectenumvalue" ("system$owner" ASC,"id" ASC);
CREATE INDEX "idx_mxmodelreflection$mxobjectenumvalue_system$changedby" ON "mxmodelreflection$mxobjectenumvalue" ("system$changedby" ASC,"id" ASC);
INSERT INTO "mendixsystem$entity" ("id", 
"entity_name", 
"table_name", 
"remote", 
"remote_primary_key")
 VALUES ('c1e600d2-8684-4611-b170-458d2dae514c', 
'MxModelReflection.MxObjectEnumValue', 
'mxmodelreflection$mxobjectenumvalue', 
false, 
false);
INSERT INTO "mendixsystem$attribute" ("id", 
"entity_id", 
"attribute_name", 
"column_name", 
"type", 
"length", 
"default_value", 
"is_auto_number")
 VALUES ('154ccd00-7c49-3084-bc0b-92b9d0bbcddb', 
'c1e600d2-8684-4611-b170-458d2dae514c', 
'changedDate', 
'changeddate', 
20, 
0, 
'', 
false);
INSERT INTO "mendixsystem$attribute" ("id", 
"entity_id", 
"attribute_name", 
"column_name", 
"type", 
"length", 
"default_value", 
"is_auto_number")
 VALUES ('c43664e7-e138-30a7-bdeb-4ba41324c22f', 
'c1e600d2-8684-4611-b170-458d2dae514c', 
'createdDate', 
'createddate', 
20, 
0, 
'', 
false);
INSERT INTO "mendixsystem$attribute" ("id", 
"entity_id", 
"attribute_name", 
"column_name", 
"type", 
"length", 
"default_value", 
"is_auto_number")
 VALUES ('8c12a51e-cb89-48ec-89ec-855488128378', 
'c1e600d2-8684-4611-b170-458d2dae514c', 
'Name', 
'name', 
30, 
200, 
'', 
false);
INSERT INTO "mendixsystem$index" ("id", 
"table_id", 
"index_name")
 VALUES ('968ed2e8-7c4f-31b3-8f17-7402fff258a7', 
'c1e600d2-8684-4611-b170-458d2dae514c', 
'idx_mxmodelreflection$mxobjectenumvalue_system$owner');
INSERT INTO "mendixsystem$index_column" ("index_id", 
"column_id", 
"sort_order", 
"ordinal")
 VALUES ('968ed2e8-7c4f-31b3-8f17-7402fff258a7', 
'ee5e9840-3328-361b-a366-61e59fefe427', 
false, 
0);
INSERT INTO "mendixsystem$index" ("id", 
"table_id", 
"index_name")
 VALUES ('ea6de6ac-7bbf-3e1d-b491-d4b56340e485', 
'c1e600d2-8684-4611-b170-458d2dae514c', 
'idx_mxmodelreflection$mxobjectenumvalue_system$changedby');
INSERT INTO "mendixsystem$index_column" ("index_id", 
"column_id", 
"sort_order", 
"ordinal")
 VALUES ('ea6de6ac-7bbf-3e1d-b491-d4b56340e485', 
'a8d67a5e-3f3d-3fe4-96d0-511c9b4bff2d', 
false, 
0);
INSERT INTO "mendixsystem$association" ("id", 
"association_name", 
"table_name", 
"parent_entity_id", 
"child_entity_id", 
"parent_column_name", 
"child_column_name")
 VALUES ('ee5e9840-3328-361b-a366-61e59fefe427', 
'System.owner', 
'system$owner', 
'c1e600d2-8684-4611-b170-458d2dae514c', 
'282e2e60-88a5-469d-84a5-ba8d9151644f', 
'id', 
'system$owner');
INSERT INTO "mendixsystem$association" ("id", 
"association_name", 
"table_name", 
"parent_entity_id", 
"child_entity_id", 
"parent_column_name", 
"child_column_name")
 VALUES ('a8d67a5e-3f3d-3fe4-96d0-511c9b4bff2d', 
'System.changedBy', 
'system$changedby', 
'c1e600d2-8684-4611-b170-458d2dae514c', 
'282e2e60-88a5-469d-84a5-ba8d9151644f', 
'id', 
'system$changedby');
CREATE TABLE "mxmodelreflection$captions" (
	"mxmodelreflection$mxobjectenumvalueid" BIGINT NOT NULL,
	"mxmodelreflection$mxobjectenumcaptionsid" BIGINT NOT NULL,
	PRIMARY KEY("mxmodelreflection$mxobjectenumvalueid","mxmodelreflection$mxobjectenumcaptionsid"));
CREATE INDEX "idx_mxmodelreflection$captions_mxmodelreflection$mxobjectenumcaptions_mxmodelreflection$mxobjectenumvalue" ON "mxmodelreflection$captions" ("mxmodelreflection$mxobjectenumcaptionsid" ASC,"mxmodelreflection$mxobjectenumvalueid" ASC);
INSERT INTO "mendixsystem$association" ("id", 
"association_name", 
"table_name", 
"parent_entity_id", 
"child_entity_id", 
"parent_column_name", 
"child_column_name", 
"index_name")
 VALUES ('ad828ea8-c396-4362-a5c8-f18c5c026f15', 
'MxModelReflection.Captions', 
'mxmodelreflection$captions', 
'c1e600d2-8684-4611-b170-458d2dae514c', 
'c3a1e442-fb91-4f1c-9918-c0dc4ffabfbc', 
'mxmodelreflection$mxobjectenumvalueid', 
'mxmodelreflection$mxobjectenumcaptionsid', 
'idx_mxmodelreflection$captions_mxmodelreflection$mxobjectenumcaptions_mxmodelreflection$mxobjectenumvalue');
CREATE TABLE "xlsreport$mxcellstyle" (
	"id" BIGINT NOT NULL,
	"textheight" INT NULL,
	"borderbottom" INT NULL,
	"textitalic" BOOLEAN NULL,
	"textverticalalignment" VARCHAR_IGNORECASE(6) NULL,
	"borderleft" INT NULL,
	"bordercolor" VARCHAR_IGNORECASE(10) NULL,
	"textrotation" INT NULL,
	"textbold" BOOLEAN NULL,
	"name" VARCHAR_IGNORECASE(200) NULL,
	"decimalplaces" INT NULL,
	"changeddate" TIMESTAMP NULL,
	"wraptext" BOOLEAN NULL,
	"format" VARCHAR_IGNORECASE(7) NULL,
	"createddate" TIMESTAMP NULL,
	"textunderline" BOOLEAN NULL,
	"textalignment" VARCHAR_IGNORECASE(6) NULL,
	"textcolor" VARCHAR_IGNORECASE(10) NULL,
	"backgroundcolor" VARCHAR_IGNORECASE(10) NULL,
	"bordertop" INT NULL,
	"borderright" INT NULL,
	"system$changedby" BIGINT NULL,
	"system$owner" BIGINT NULL,
	PRIMARY KEY("id"));
CREATE INDEX "idx_xlsreport$mxcellstyle_system$changedby" ON "xlsreport$mxcellstyle" ("system$changedby" ASC,"id" ASC);
CREATE INDEX "idx_xlsreport$mxcellstyle_system$owner" ON "xlsreport$mxcellstyle" ("system$owner" ASC,"id" ASC);
INSERT INTO "mendixsystem$entity" ("id", 
"entity_name", 
"table_name", 
"remote", 
"remote_primary_key")
 VALUES ('fabcc2c3-f8eb-4c28-88a9-173c1923a458', 
'XLSReport.MxCellStyle', 
'xlsreport$mxcellstyle', 
false, 
false);
INSERT INTO "mendixsystem$attribute" ("id", 
"entity_id", 
"attribute_name", 
"column_name", 
"type", 
"length", 
"default_value", 
"is_auto_number")
 VALUES ('05d821dc-3f2e-4a30-ba93-3829ced513e5', 
'fabcc2c3-f8eb-4c28-88a9-173c1923a458', 
'TextHeight', 
'textheight', 
3, 
0, 
'10', 
false);
INSERT INTO "mendixsystem$attribute" ("id", 
"entity_id", 
"attribute_name", 
"column_name", 
"type", 
"length", 
"default_value", 
"is_auto_number")
 VALUES ('3859bf72-5bd5-48b6-af39-a0e5cef7b0cf', 
'fabcc2c3-f8eb-4c28-88a9-173c1923a458', 
'BorderBottom', 
'borderbottom', 
3, 
0, 
'0', 
false);
INSERT INTO "mendixsystem$attribute" ("id", 
"entity_id", 
"attribute_name", 
"column_name", 
"type", 
"length", 
"default_value", 
"is_auto_number")
 VALUES ('24b5a204-237a-485f-81f3-ae42c883fae2', 
'fabcc2c3-f8eb-4c28-88a9-173c1923a458', 
'TextItalic', 
'textitalic', 
10, 
0, 
'false', 
false);
INSERT INTO "mendixsystem$attribute" ("id", 
"entity_id", 
"attribute_name", 
"column_name", 
"type", 
"length", 
"default_value", 
"is_auto_number")
 VALUES ('3447f57a-4c69-475e-bc78-b551cbd4851b', 
'fabcc2c3-f8eb-4c28-88a9-173c1923a458', 
'TextVerticalalignment', 
'textverticalalignment', 
40, 
6, 
'', 
false);
INSERT INTO "mendixsystem$attribute" ("id", 
"entity_id", 
"attribute_name", 
"column_name", 
"type", 
"length", 
"default_value", 
"is_auto_number")
 VALUES ('2ed28239-e219-43c3-9629-9a2679882d34', 
'fabcc2c3-f8eb-4c28-88a9-173c1923a458', 
'BorderLeft', 
'borderleft', 
3, 
0, 
'0', 
false);
INSERT INTO "mendixsystem$attribute" ("id", 
"entity_id", 
"attribute_name", 
"column_name", 
"type", 
"length", 
"default_value", 
"is_auto_number")
 VALUES ('4f8873ca-5109-4f1d-8708-4561c1b9bdda', 
'fabcc2c3-f8eb-4c28-88a9-173c1923a458', 
'BorderColor', 
'bordercolor', 
40, 
10, 
'Blank', 
false);
INSERT INTO "mendixsystem$attribute" ("id", 
"entity_id", 
"attribute_name", 
"column_name", 
"type", 
"length", 
"default_value", 
"is_auto_number")
 VALUES ('a479fb24-11d5-4b8c-849f-5b597b5fc0a8', 
'fabcc2c3-f8eb-4c28-88a9-173c1923a458', 
'TextRotation', 
'textrotation', 
3, 
0, 
'0', 
false);
INSERT INTO "mendixsystem$attribute" ("id", 
"entity_id", 
"attribute_name", 
"column_name", 
"type", 
"length", 
"default_value", 
"is_auto_number")
 VALUES ('069cc152-7aaf-4d0c-a530-eec180ff336b', 
'fabcc2c3-f8eb-4c28-88a9-173c1923a458', 
'TextBold', 
'textbold', 
10, 
0, 
'false', 
false);
INSERT INTO "mendixsystem$attribute" ("id", 
"entity_id", 
"attribute_name", 
"column_name", 
"type", 
"length", 
"default_value", 
"is_auto_number")
 VALUES ('bae1a508-b496-440b-a577-096378d9429c', 
'fabcc2c3-f8eb-4c28-88a9-173c1923a458', 
'Name', 
'name', 
30, 
200, 
'', 
false);
INSERT INTO "mendixsystem$attribute" ("id", 
"entity_id", 
"attribute_name", 
"column_name", 
"type", 
"length", 
"default_value", 
"is_auto_number")
 VALUES ('c9055eaf-5263-4a4d-ab73-52cf51e396ab', 
'fabcc2c3-f8eb-4c28-88a9-173c1923a458', 
'DecimalPlaces', 
'decimalplaces', 
3, 
0, 
'0', 
false);
INSERT INTO "mendixsystem$attribute" ("id", 
"entity_id", 
"attribute_name", 
"column_name", 
"type", 
"length", 
"default_value", 
"is_auto_number")
 VALUES ('13f0cdc4-30e8-35ee-843e-4e63f45693cb', 
'fabcc2c3-f8eb-4c28-88a9-173c1923a458', 
'changedDate', 
'changeddate', 
20, 
0, 
'', 
false);
INSERT INTO "mendixsystem$attribute" ("id", 
"entity_id", 
"attribute_name", 
"column_name", 
"type", 
"length", 
"default_value", 
"is_auto_number")
 VALUES ('40184fee-25f7-4c03-87ee-a2b920215a8d', 
'fabcc2c3-f8eb-4c28-88a9-173c1923a458', 
'WrapText', 
'wraptext', 
10, 
0, 
'true', 
false);
INSERT INTO "mendixsystem$attribute" ("id", 
"entity_id", 
"attribute_name", 
"column_name", 
"type", 
"length", 
"default_value", 
"is_auto_number")
 VALUES ('b541a7e6-67e5-4d97-bfec-63907f813b32', 
'fabcc2c3-f8eb-4c28-88a9-173c1923a458', 
'Format', 
'format', 
40, 
7, 
'General', 
false);
INSERT INTO "mendixsystem$attribute" ("id", 
"entity_id", 
"attribute_name", 
"column_name", 
"type", 
"length", 
"default_value", 
"is_auto_number")
 VALUES ('1494786b-162f-3ab7-b84f-ea0b942252f4', 
'fabcc2c3-f8eb-4c28-88a9-173c1923a458', 
'createdDate', 
'createddate', 
20, 
0, 
'', 
false);
INSERT INTO "mendixsystem$attribute" ("id", 
"entity_id", 
"attribute_name", 
"column_name", 
"type", 
"length", 
"default_value", 
"is_auto_number")
 VALUES ('deb92528-cd18-49c1-88d5-847ff5b032b4', 
'fabcc2c3-f8eb-4c28-88a9-173c1923a458', 
'TextUnderline', 
'textunderline', 
10, 
0, 
'false', 
false);
INSERT INTO "mendixsystem$attribute" ("id", 
"entity_id", 
"attribute_name", 
"column_name", 
"type", 
"length", 
"default_value", 
"is_auto_number")
 VALUES ('4614d07b-f26f-4602-afba-843efd89e2b9', 
'fabcc2c3-f8eb-4c28-88a9-173c1923a458', 
'TextAlignment', 
'textalignment', 
40, 
6, 
'', 
false);
INSERT INTO "mendixsystem$attribute" ("id", 
"entity_id", 
"attribute_name", 
"column_name", 
"type", 
"length", 
"default_value", 
"is_auto_number")
 VALUES ('b38376d9-8ec0-46cc-9c58-e2f5d03f444a', 
'fabcc2c3-f8eb-4c28-88a9-173c1923a458', 
'TextColor', 
'textcolor', 
40, 
10, 
'Black', 
false);
INSERT INTO "mendixsystem$attribute" ("id", 
"entity_id", 
"attribute_name", 
"column_name", 
"type", 
"length", 
"default_value", 
"is_auto_number")
 VALUES ('fa8ca07b-d645-4b31-be44-3e63ff8b3867', 
'fabcc2c3-f8eb-4c28-88a9-173c1923a458', 
'BackgroundColor', 
'backgroundcolor', 
40, 
10, 
'Blank', 
false);
INSERT INTO "mendixsystem$attribute" ("id", 
"entity_id", 
"attribute_name", 
"column_name", 
"type", 
"length", 
"default_value", 
"is_auto_number")
 VALUES ('659c13d1-d789-490c-8135-0b896f1d9640', 
'fabcc2c3-f8eb-4c28-88a9-173c1923a458', 
'BorderTop', 
'bordertop', 
3, 
0, 
'0', 
false);
INSERT INTO "mendixsystem$attribute" ("id", 
"entity_id", 
"attribute_name", 
"column_name", 
"type", 
"length", 
"default_value", 
"is_auto_number")
 VALUES ('35e196e6-6b05-45dd-83a5-68f4aa7d603c', 
'fabcc2c3-f8eb-4c28-88a9-173c1923a458', 
'BorderRight', 
'borderright', 
3, 
0, 
'0', 
false);
INSERT INTO "mendixsystem$index" ("id", 
"table_id", 
"index_name")
 VALUES ('f4dbb391-b5ef-336e-a4b8-e97e8b66c830', 
'fabcc2c3-f8eb-4c28-88a9-173c1923a458', 
'idx_xlsreport$mxcellstyle_system$changedby');
INSERT INTO "mendixsystem$index_column" ("index_id", 
"column_id", 
"sort_order", 
"ordinal")
 VALUES ('f4dbb391-b5ef-336e-a4b8-e97e8b66c830', 
'd6a6fbf4-d0ec-3559-9776-d262dd6d0d2a', 
false, 
0);
INSERT INTO "mendixsystem$index" ("id", 
"table_id", 
"index_name")
 VALUES ('7cad522e-8a29-3565-a129-454163f61cfe', 
'fabcc2c3-f8eb-4c28-88a9-173c1923a458', 
'idx_xlsreport$mxcellstyle_system$owner');
INSERT INTO "mendixsystem$index_column" ("index_id", 
"column_id", 
"sort_order", 
"ordinal")
 VALUES ('7cad522e-8a29-3565-a129-454163f61cfe', 
'0e364adb-db30-3b46-a4a1-0a1dcb164b15', 
false, 
0);
INSERT INTO "mendixsystem$association" ("id", 
"association_name", 
"table_name", 
"parent_entity_id", 
"child_entity_id", 
"parent_column_name", 
"child_column_name")
 VALUES ('d6a6fbf4-d0ec-3559-9776-d262dd6d0d2a', 
'System.changedBy', 
'system$changedby', 
'fabcc2c3-f8eb-4c28-88a9-173c1923a458', 
'282e2e60-88a5-469d-84a5-ba8d9151644f', 
'id', 
'system$changedby');
INSERT INTO "mendixsystem$association" ("id", 
"association_name", 
"table_name", 
"parent_entity_id", 
"child_entity_id", 
"parent_column_name", 
"child_column_name")
 VALUES ('0e364adb-db30-3b46-a4a1-0a1dcb164b15', 
'System.owner', 
'system$owner', 
'fabcc2c3-f8eb-4c28-88a9-173c1923a458', 
'282e2e60-88a5-469d-84a5-ba8d9151644f', 
'id', 
'system$owner');
CREATE TABLE "xlsreport$mxcellstyle_template" (
	"xlsreport$mxcellstyleid" BIGINT NOT NULL,
	"xlsreport$mxtemplateid" BIGINT NOT NULL,
	PRIMARY KEY("xlsreport$mxcellstyleid","xlsreport$mxtemplateid"),
	CONSTRAINT "uniq_xlsreport$mxcellstyle_template_xlsreport$mxcellstyleid" UNIQUE ("xlsreport$mxcellstyleid"));
CREATE INDEX "idx_xlsreport$mxcellstyle_template_xlsreport$mxtemplate_xlsreport$mxcellstyle" ON "xlsreport$mxcellstyle_template" ("xlsreport$mxtemplateid" ASC,"xlsreport$mxcellstyleid" ASC);
INSERT INTO "mendixsystem$association" ("id", 
"association_name", 
"table_name", 
"parent_entity_id", 
"child_entity_id", 
"parent_column_name", 
"child_column_name", 
"index_name")
 VALUES ('f61f58c2-ed13-4d5d-b50c-74e7f8d7c608', 
'XLSReport.MxCellStyle_Template', 
'xlsreport$mxcellstyle_template', 
'fabcc2c3-f8eb-4c28-88a9-173c1923a458', 
'664759c4-45f7-46e9-a888-4680c7f274f2', 
'xlsreport$mxcellstyleid', 
'xlsreport$mxtemplateid', 
'idx_xlsreport$mxcellstyle_template_xlsreport$mxtemplate_xlsreport$mxcellstyle');
INSERT INTO "mendixsystem$unique_constraint" ("name", 
"table_id", 
"column_id")
 VALUES ('uniq_xlsreport$mxcellstyle_template_xlsreport$mxcellstyleid', 
'f61f58c2-ed13-4d5d-b50c-74e7f8d7c608', 
'3faea85d-0d02-3d8b-b665-1b55ea7ade99');
CREATE TABLE "myfirstmodule$userregistration_userdoc" (
	"myfirstmodule$userregistrationid" BIGINT NOT NULL,
	"myfirstmodule$userdocid" BIGINT NOT NULL,
	PRIMARY KEY("myfirstmodule$userregistrationid","myfirstmodule$userdocid"),
	CONSTRAINT "uniq_myfirstmodule$userregistration_userdoc_myfirstmodule$userregistrationid" UNIQUE ("myfirstmodule$userregistrationid"));
CREATE INDEX "idx_myfirstmodule$userregistration_userdoc_myfirstmodule$userdoc_myfirstmodule$userregistration" ON "myfirstmodule$userregistration_userdoc" ("myfirstmodule$userdocid" ASC,"myfirstmodule$userregistrationid" ASC);
INSERT INTO "mendixsystem$association" ("id", 
"association_name", 
"table_name", 
"parent_entity_id", 
"child_entity_id", 
"parent_column_name", 
"child_column_name", 
"index_name")
 VALUES ('9e8dddb0-a5b0-4bca-82af-3c7444bf038f', 
'MyFirstModule.UserRegistration_UserDoc', 
'myfirstmodule$userregistration_userdoc', 
'3623888e-4952-48ea-a674-d775f10648b3', 
'84f75a4a-bf86-4fb0-add2-df702e2f9339', 
'myfirstmodule$userregistrationid', 
'myfirstmodule$userdocid', 
'idx_myfirstmodule$userregistration_userdoc_myfirstmodule$userdoc_myfirstmodule$userregistration');
INSERT INTO "mendixsystem$unique_constraint" ("name", 
"table_id", 
"column_id")
 VALUES ('uniq_myfirstmodule$userregistration_userdoc_myfirstmodule$userregistrationid', 
'9e8dddb0-a5b0-4bca-82af-3c7444bf038f', 
'961b00c3-bc46-3888-8e44-2920ffb5ec0f');
CREATE TABLE "xlsreport$mxcolumn" (
	"id" BIGINT NOT NULL,
	"dataaggregate" BOOLEAN NULL,
	"dataaggregatefunction" VARCHAR_IGNORECASE(7) NULL,
	"nameasheader" BOOLEAN NULL,
	"resultaggregatefunction" VARCHAR_IGNORECASE(7) NULL,
	"resultaggregate" BOOLEAN NULL,
	"columnnumber" INT NULL,
	"objectattribute" VARCHAR_IGNORECASE(200) NULL,
	PRIMARY KEY("id"));
INSERT INTO "mendixsystem$entity" ("id", 
"entity_name", 
"table_name", 
"superentity_id", 
"remote", 
"remote_primary_key")
 VALUES ('c5a6b345-25a8-40d0-ba13-e856b991d432', 
'XLSReport.MxColumn', 
'xlsreport$mxcolumn', 
'b234d4ce-c7cb-47e5-8549-191a11436283', 
false, 
false);
INSERT INTO "mendixsystem$attribute" ("id", 
"entity_id", 
"attribute_name", 
"column_name", 
"type", 
"length", 
"default_value", 
"is_auto_number")
 VALUES ('bc9c8e27-4c5c-43ea-b3b3-4e3d1dcee4a9', 
'c5a6b345-25a8-40d0-ba13-e856b991d432', 
'DataAggregate', 
'dataaggregate', 
10, 
0, 
'false', 
false);
INSERT INTO "mendixsystem$attribute" ("id", 
"entity_id", 
"attribute_name", 
"column_name", 
"type", 
"length", 
"default_value", 
"is_auto_number")
 VALUES ('02bdfc96-3490-45d9-8349-096439a328ff', 
'c5a6b345-25a8-40d0-ba13-e856b991d432', 
'DataAggregateFunction', 
'dataaggregatefunction', 
40, 
7, 
'', 
false);
INSERT INTO "mendixsystem$attribute" ("id", 
"entity_id", 
"attribute_name", 
"column_name", 
"type", 
"length", 
"default_value", 
"is_auto_number")
 VALUES ('27314c08-617a-4ead-a0a7-5774476be56a', 
'c5a6b345-25a8-40d0-ba13-e856b991d432', 
'NameAsHeader', 
'nameasheader', 
10, 
0, 
'true', 
false);
INSERT INTO "mendixsystem$attribute" ("id", 
"entity_id", 
"attribute_name", 
"column_name", 
"type", 
"length", 
"default_value", 
"is_auto_number")
 VALUES ('8e1028ba-f2ff-4664-9c5f-5e34c09ed0a9', 
'c5a6b345-25a8-40d0-ba13-e856b991d432', 
'ResultAggregateFunction', 
'resultaggregatefunction', 
40, 
7, 
'', 
false);
INSERT INTO "mendixsystem$attribute" ("id", 
"entity_id", 
"attribute_name", 
"column_name", 
"type", 
"length", 
"default_value", 
"is_auto_number")
 VALUES ('be7dacc5-5b1f-421d-98c0-8cc649ddd5eb', 
'c5a6b345-25a8-40d0-ba13-e856b991d432', 
'ResultAggregate', 
'resultaggregate', 
10, 
0, 
'false', 
false);
INSERT INTO "mendixsystem$attribute" ("id", 
"entity_id", 
"attribute_name", 
"column_name", 
"type", 
"length", 
"default_value", 
"is_auto_number")
 VALUES ('2a7e8606-d20a-46f2-a37f-efcf7187bb1c', 
'c5a6b345-25a8-40d0-ba13-e856b991d432', 
'ColumnNumber', 
'columnnumber', 
3, 
0, 
'', 
false);
INSERT INTO "mendixsystem$attribute" ("id", 
"entity_id", 
"attribute_name", 
"column_name", 
"type", 
"length", 
"default_value", 
"is_auto_number")
 VALUES ('f9db24bb-ca3e-4458-8e25-1ee3309b0e69', 
'c5a6b345-25a8-40d0-ba13-e856b991d432', 
'ObjectAttribute', 
'objectattribute', 
30, 
200, 
'', 
false);
CREATE TABLE "mxmodelreflection$dbsizeestimate" (
	"id" BIGINT NOT NULL,
	"findobjecttype" VARCHAR_IGNORECASE(200) NULL,
	"calculatedsizeinkilobytes" BIGINT NULL,
	"calculatedsizeinbytes" BIGINT NULL,
	"nrofrecords" INT NULL,
	PRIMARY KEY("id"));
INSERT INTO "mendixsystem$entity" ("id", 
"entity_name", 
"table_name", 
"remote", 
"remote_primary_key")
 VALUES ('4e7f8ce1-2bb3-4c0d-8f15-c284defc59dd', 
'MxModelReflection.DbSizeEstimate', 
'mxmodelreflection$dbsizeestimate', 
false, 
false);
INSERT INTO "mendixsystem$attribute" ("id", 
"entity_id", 
"attribute_name", 
"column_name", 
"type", 
"length", 
"default_value", 
"is_auto_number")
 VALUES ('f16d5c05-c14f-466d-9b64-8679aa637eb8', 
'4e7f8ce1-2bb3-4c0d-8f15-c284defc59dd', 
'FindObjectType', 
'findobjecttype', 
30, 
200, 
'', 
false);
INSERT INTO "mendixsystem$attribute" ("id", 
"entity_id", 
"attribute_name", 
"column_name", 
"type", 
"length", 
"default_value", 
"is_auto_number")
 VALUES ('6d1159ed-bfef-415e-b820-f725eaccbb37', 
'4e7f8ce1-2bb3-4c0d-8f15-c284defc59dd', 
'CalculatedSizeInKiloBytes', 
'calculatedsizeinkilobytes', 
4, 
0, 
'0', 
false);
INSERT INTO "mendixsystem$attribute" ("id", 
"entity_id", 
"attribute_name", 
"column_name", 
"type", 
"length", 
"default_value", 
"is_auto_number")
 VALUES ('88a101f7-7e45-4205-89d5-8c042c1e0f87', 
'4e7f8ce1-2bb3-4c0d-8f15-c284defc59dd', 
'CalculatedSizeInBytes', 
'calculatedsizeinbytes', 
4, 
0, 
'0', 
false);
INSERT INTO "mendixsystem$attribute" ("id", 
"entity_id", 
"attribute_name", 
"column_name", 
"type", 
"length", 
"default_value", 
"is_auto_number")
 VALUES ('af85ec91-c0bb-4322-88ba-8a5d4bab797f', 
'4e7f8ce1-2bb3-4c0d-8f15-c284defc59dd', 
'NrOfRecords', 
'nrofrecords', 
3, 
0, 
'', 
false);
CREATE TABLE "mxmodelreflection$dbsizeestimate_mxobjecttype" (
	"mxmodelreflection$dbsizeestimateid" BIGINT NOT NULL,
	"mxmodelreflection$mxobjecttypeid" BIGINT NOT NULL,
	PRIMARY KEY("mxmodelreflection$dbsizeestimateid","mxmodelreflection$mxobjecttypeid"),
	CONSTRAINT "uniq_mxmodelreflection$dbsizeestimate_mxobjecttype_mxmodelreflection$dbsizeestimateid" UNIQUE ("mxmodelreflection$dbsizeestimateid"));
CREATE INDEX "idx_mxmodelreflection$dbsizeestimate_mxobjecttype_mxmodelreflection$mxobjecttype_mxmodelreflection$dbsizeestimate" ON "mxmodelreflection$dbsizeestimate_mxobjecttype" ("mxmodelreflection$mxobjecttypeid" ASC,"mxmodelreflection$dbsizeestimateid" ASC);
INSERT INTO "mendixsystem$association" ("id", 
"association_name", 
"table_name", 
"parent_entity_id", 
"child_entity_id", 
"parent_column_name", 
"child_column_name", 
"index_name")
 VALUES ('1fe7afe8-12cc-43d6-b895-872f593abc91', 
'MxModelReflection.DbSizeEstimate_MxObjectType', 
'mxmodelreflection$dbsizeestimate_mxobjecttype', 
'4e7f8ce1-2bb3-4c0d-8f15-c284defc59dd', 
'e560b1cf-fa41-4fb1-9a2f-cfd77c16737e', 
'mxmodelreflection$dbsizeestimateid', 
'mxmodelreflection$mxobjecttypeid', 
'idx_mxmodelreflection$dbsizeestimate_mxobjecttype_mxmodelreflection$mxobjecttype_mxmodelreflection$dbsizeestimate');
INSERT INTO "mendixsystem$unique_constraint" ("name", 
"table_id", 
"column_id")
 VALUES ('uniq_mxmodelreflection$dbsizeestimate_mxobjecttype_mxmodelreflection$dbsizeestimateid', 
'1fe7afe8-12cc-43d6-b895-872f593abc91', 
'a9e39c4a-1fb4-3400-a092-b92a68fe75e7');
CREATE TABLE "xlsreport$mxsheet" (
	"id" BIGINT NOT NULL,
	"status" VARCHAR_IGNORECASE(3) NULL,
	"rowheightdefault" BOOLEAN NULL,
	"formlayout_groupby" BOOLEAN NULL,
	"sequence" INT NULL,
	"datausage" BOOLEAN NULL,
	"startrow" INT NULL,
	"name" VARCHAR_IGNORECASE(200) NULL,
	"changeddate" TIMESTAMP NULL,
	"createddate" TIMESTAMP NULL,
	"columnwidthpixels" INT NULL,
	"rowheightpoint" INT NULL,
	"columnwidthdefault" BOOLEAN NULL,
	"distinctdata" BOOLEAN NULL,
	"system$changedby" BIGINT NULL,
	"system$owner" BIGINT NULL,
	PRIMARY KEY("id"));
CREATE INDEX "idx_xlsreport$mxsheet_system$changedby" ON "xlsreport$mxsheet" ("system$changedby" ASC,"id" ASC);
CREATE INDEX "idx_xlsreport$mxsheet_system$owner" ON "xlsreport$mxsheet" ("system$owner" ASC,"id" ASC);
INSERT INTO "mendixsystem$entity" ("id", 
"entity_name", 
"table_name", 
"remote", 
"remote_primary_key")
 VALUES ('26baa3bd-fd4c-421b-8ab3-b060d6e832f2', 
'XLSReport.MxSheet', 
'xlsreport$mxsheet', 
false, 
false);
INSERT INTO "mendixsystem$attribute" ("id", 
"entity_id", 
"attribute_name", 
"column_name", 
"type", 
"length", 
"default_value", 
"is_auto_number")
 VALUES ('ecf7c46f-0751-43dc-9265-9886250a12c4', 
'26baa3bd-fd4c-421b-8ab3-b060d6e832f2', 
'Status', 
'status', 
40, 
3, 
'No', 
false);
INSERT INTO "mendixsystem$attribute" ("id", 
"entity_id", 
"attribute_name", 
"column_name", 
"type", 
"length", 
"default_value", 
"is_auto_number")
 VALUES ('c86fbf1a-710e-4108-80f7-cc8d6314a624', 
'26baa3bd-fd4c-421b-8ab3-b060d6e832f2', 
'RowHeightDefault', 
'rowheightdefault', 
10, 
0, 
'true', 
false);
INSERT INTO "mendixsystem$attribute" ("id", 
"entity_id", 
"attribute_name", 
"column_name", 
"type", 
"length", 
"default_value", 
"is_auto_number")
 VALUES ('2759d842-d426-4695-9db6-639ef20cf1c3', 
'26baa3bd-fd4c-421b-8ab3-b060d6e832f2', 
'FormLayout_GroupBy', 
'formlayout_groupby', 
10, 
0, 
'false', 
false);
INSERT INTO "mendixsystem$attribute" ("id", 
"entity_id", 
"attribute_name", 
"column_name", 
"type", 
"length", 
"default_value", 
"is_auto_number")
 VALUES ('1b6ea25d-5200-4038-ab6b-897545f46e0d', 
'26baa3bd-fd4c-421b-8ab3-b060d6e832f2', 
'Sequence', 
'sequence', 
3, 
0, 
'1', 
false);
INSERT INTO "mendixsystem$attribute" ("id", 
"entity_id", 
"attribute_name", 
"column_name", 
"type", 
"length", 
"default_value", 
"is_auto_number")
 VALUES ('8624e874-8b9a-4966-9d4a-4906e1447cd2', 
'26baa3bd-fd4c-421b-8ab3-b060d6e832f2', 
'DataUsage', 
'datausage', 
10, 
0, 
'false', 
false);
INSERT INTO "mendixsystem$attribute" ("id", 
"entity_id", 
"attribute_name", 
"column_name", 
"type", 
"length", 
"default_value", 
"is_auto_number")
 VALUES ('239210a8-b7af-4e80-8222-ccea2fcca736', 
'26baa3bd-fd4c-421b-8ab3-b060d6e832f2', 
'StartRow', 
'startrow', 
3, 
0, 
'1', 
false);
INSERT INTO "mendixsystem$attribute" ("id", 
"entity_id", 
"attribute_name", 
"column_name", 
"type", 
"length", 
"default_value", 
"is_auto_number")
 VALUES ('a1c8e32c-20ad-48d6-be90-d50095d28544', 
'26baa3bd-fd4c-421b-8ab3-b060d6e832f2', 
'Name', 
'name', 
30, 
200, 
'', 
false);
INSERT INTO "mendixsystem$attribute" ("id", 
"entity_id", 
"attribute_name", 
"column_name", 
"type", 
"length", 
"default_value", 
"is_auto_number")
 VALUES ('eca1e633-195a-391f-8357-255e2d27ba5a', 
'26baa3bd-fd4c-421b-8ab3-b060d6e832f2', 
'changedDate', 
'changeddate', 
20, 
0, 
'', 
false);
INSERT INTO "mendixsystem$attribute" ("id", 
"entity_id", 
"attribute_name", 
"column_name", 
"type", 
"length", 
"default_value", 
"is_auto_number")
 VALUES ('0dfd3daf-08fa-356e-8a6b-ac626ab38c35', 
'26baa3bd-fd4c-421b-8ab3-b060d6e832f2', 
'createdDate', 
'createddate', 
20, 
0, 
'', 
false);
INSERT INTO "mendixsystem$attribute" ("id", 
"entity_id", 
"attribute_name", 
"column_name", 
"type", 
"length", 
"default_value", 
"is_auto_number")
 VALUES ('5e158b3c-6c08-4e65-9ee3-d6645f95536a', 
'26baa3bd-fd4c-421b-8ab3-b060d6e832f2', 
'ColumnWidthPixels', 
'columnwidthpixels', 
3, 
0, 
'0', 
false);
INSERT INTO "mendixsystem$attribute" ("id", 
"entity_id", 
"attribute_name", 
"column_name", 
"type", 
"length", 
"default_value", 
"is_auto_number")
 VALUES ('6a39ccb8-2bd2-4b0f-9aaa-6b2547ca26c1', 
'26baa3bd-fd4c-421b-8ab3-b060d6e832f2', 
'RowHeightPoint', 
'rowheightpoint', 
3, 
0, 
'0', 
false);
INSERT INTO "mendixsystem$attribute" ("id", 
"entity_id", 
"attribute_name", 
"column_name", 
"type", 
"length", 
"default_value", 
"is_auto_number")
 VALUES ('f5d9185d-a2da-487b-9bf0-aaea6bc45d8e', 
'26baa3bd-fd4c-421b-8ab3-b060d6e832f2', 
'ColumnWidthDefault', 
'columnwidthdefault', 
10, 
0, 
'true', 
false);
INSERT INTO "mendixsystem$attribute" ("id", 
"entity_id", 
"attribute_name", 
"column_name", 
"type", 
"length", 
"default_value", 
"is_auto_number")
 VALUES ('1e0d10da-4173-4268-b54a-025cde72079d', 
'26baa3bd-fd4c-421b-8ab3-b060d6e832f2', 
'DistinctData', 
'distinctdata', 
10, 
0, 
'false', 
false);
INSERT INTO "mendixsystem$index" ("id", 
"table_id", 
"index_name")
 VALUES ('dcc8cae1-e6f9-3e94-ad01-426c8bc4f1c3', 
'26baa3bd-fd4c-421b-8ab3-b060d6e832f2', 
'idx_xlsreport$mxsheet_system$changedby');
INSERT INTO "mendixsystem$index_column" ("index_id", 
"column_id", 
"sort_order", 
"ordinal")
 VALUES ('dcc8cae1-e6f9-3e94-ad01-426c8bc4f1c3', 
'de5e78ba-7669-3cc5-bb1b-bb7ac2b73e38', 
false, 
0);
INSERT INTO "mendixsystem$index" ("id", 
"table_id", 
"index_name")
 VALUES ('c2286282-def9-3701-bfab-11e4be623c1f', 
'26baa3bd-fd4c-421b-8ab3-b060d6e832f2', 
'idx_xlsreport$mxsheet_system$owner');
INSERT INTO "mendixsystem$index_column" ("index_id", 
"column_id", 
"sort_order", 
"ordinal")
 VALUES ('c2286282-def9-3701-bfab-11e4be623c1f', 
'6dded1fc-1a43-30c3-9eed-ac1719980b19', 
false, 
0);
INSERT INTO "mendixsystem$association" ("id", 
"association_name", 
"table_name", 
"parent_entity_id", 
"child_entity_id", 
"parent_column_name", 
"child_column_name")
 VALUES ('de5e78ba-7669-3cc5-bb1b-bb7ac2b73e38', 
'System.changedBy', 
'system$changedby', 
'26baa3bd-fd4c-421b-8ab3-b060d6e832f2', 
'282e2e60-88a5-469d-84a5-ba8d9151644f', 
'id', 
'system$changedby');
INSERT INTO "mendixsystem$association" ("id", 
"association_name", 
"table_name", 
"parent_entity_id", 
"child_entity_id", 
"parent_column_name", 
"child_column_name")
 VALUES ('6dded1fc-1a43-30c3-9eed-ac1719980b19', 
'System.owner', 
'system$owner', 
'26baa3bd-fd4c-421b-8ab3-b060d6e832f2', 
'282e2e60-88a5-469d-84a5-ba8d9151644f', 
'id', 
'system$owner');
CREATE TABLE "xlsreport$mxsheet_rowobject" (
	"xlsreport$mxsheetid" BIGINT NOT NULL,
	"mxmodelreflection$mxobjecttypeid" BIGINT NOT NULL,
	PRIMARY KEY("xlsreport$mxsheetid","mxmodelreflection$mxobjecttypeid"),
	CONSTRAINT "uniq_xlsreport$mxsheet_rowobject_xlsreport$mxsheetid" UNIQUE ("xlsreport$mxsheetid"));
CREATE INDEX "idx_xlsreport$mxsheet_rowobject_mxmodelreflection$mxobjecttype_xlsreport$mxsheet" ON "xlsreport$mxsheet_rowobject" ("mxmodelreflection$mxobjecttypeid" ASC,"xlsreport$mxsheetid" ASC);
INSERT INTO "mendixsystem$association" ("id", 
"association_name", 
"table_name", 
"parent_entity_id", 
"child_entity_id", 
"parent_column_name", 
"child_column_name", 
"index_name")
 VALUES ('cee44381-d4a8-44be-8ca6-800fd6c50ab5', 
'XLSReport.MxSheet_RowObject', 
'xlsreport$mxsheet_rowobject', 
'26baa3bd-fd4c-421b-8ab3-b060d6e832f2', 
'e560b1cf-fa41-4fb1-9a2f-cfd77c16737e', 
'xlsreport$mxsheetid', 
'mxmodelreflection$mxobjecttypeid', 
'idx_xlsreport$mxsheet_rowobject_mxmodelreflection$mxobjecttype_xlsreport$mxsheet');
INSERT INTO "mendixsystem$unique_constraint" ("name", 
"table_id", 
"column_id")
 VALUES ('uniq_xlsreport$mxsheet_rowobject_xlsreport$mxsheetid', 
'cee44381-d4a8-44be-8ca6-800fd6c50ab5', 
'3f50de46-62c7-32a8-9453-92c9acfcdd97');
CREATE TABLE "xlsreport$mxsheet_mxobjectreference" (
	"xlsreport$mxsheetid" BIGINT NOT NULL,
	"mxmodelreflection$mxobjectreferenceid" BIGINT NOT NULL,
	PRIMARY KEY("xlsreport$mxsheetid","mxmodelreflection$mxobjectreferenceid"),
	CONSTRAINT "uniq_xlsreport$mxsheet_mxobjectreference_xlsreport$mxsheetid" UNIQUE ("xlsreport$mxsheetid"));
CREATE INDEX "idx_xlsreport$mxsheet_mxobjectreference_mxmodelreflection$mxobjectreference_xlsreport$mxsheet" ON "xlsreport$mxsheet_mxobjectreference" ("mxmodelreflection$mxobjectreferenceid" ASC,"xlsreport$mxsheetid" ASC);
INSERT INTO "mendixsystem$association" ("id", 
"association_name", 
"table_name", 
"parent_entity_id", 
"child_entity_id", 
"parent_column_name", 
"child_column_name", 
"index_name")
 VALUES ('858f8679-0da4-4464-86ce-3696fa5e3e8d', 
'XLSReport.MxSheet_MxObjectReference', 
'xlsreport$mxsheet_mxobjectreference', 
'26baa3bd-fd4c-421b-8ab3-b060d6e832f2', 
'e621bdc4-02d0-4cf1-82b3-014db5b514d1', 
'xlsreport$mxsheetid', 
'mxmodelreflection$mxobjectreferenceid', 
'idx_xlsreport$mxsheet_mxobjectreference_mxmodelreflection$mxobjectreference_xlsreport$mxsheet');
INSERT INTO "mendixsystem$unique_constraint" ("name", 
"table_id", 
"column_id")
 VALUES ('uniq_xlsreport$mxsheet_mxobjectreference_xlsreport$mxsheetid', 
'858f8679-0da4-4464-86ce-3696fa5e3e8d', 
'49ca6bd6-a7be-36c3-8af9-c5a6745613d4');
CREATE TABLE "xlsreport$mxsheet_headerstyle" (
	"xlsreport$mxsheetid" BIGINT NOT NULL,
	"xlsreport$mxcellstyleid" BIGINT NOT NULL,
	PRIMARY KEY("xlsreport$mxsheetid","xlsreport$mxcellstyleid"),
	CONSTRAINT "uniq_xlsreport$mxsheet_headerstyle_xlsreport$mxsheetid" UNIQUE ("xlsreport$mxsheetid"));
CREATE INDEX "idx_xlsreport$mxsheet_headerstyle_xlsreport$mxcellstyle_xlsreport$mxsheet" ON "xlsreport$mxsheet_headerstyle" ("xlsreport$mxcellstyleid" ASC,"xlsreport$mxsheetid" ASC);
INSERT INTO "mendixsystem$association" ("id", 
"association_name", 
"table_name", 
"parent_entity_id", 
"child_entity_id", 
"parent_column_name", 
"child_column_name", 
"index_name")
 VALUES ('8bd2df25-4d09-409a-8424-863d92943476', 
'XLSReport.MxSheet_HeaderStyle', 
'xlsreport$mxsheet_headerstyle', 
'26baa3bd-fd4c-421b-8ab3-b060d6e832f2', 
'fabcc2c3-f8eb-4c28-88a9-173c1923a458', 
'xlsreport$mxsheetid', 
'xlsreport$mxcellstyleid', 
'idx_xlsreport$mxsheet_headerstyle_xlsreport$mxcellstyle_xlsreport$mxsheet');
INSERT INTO "mendixsystem$unique_constraint" ("name", 
"table_id", 
"column_id")
 VALUES ('uniq_xlsreport$mxsheet_headerstyle_xlsreport$mxsheetid', 
'8bd2df25-4d09-409a-8424-863d92943476', 
'20513ad7-2205-3bcb-94c2-d5c9021283c6');
CREATE TABLE "xlsreport$mxsheet_template" (
	"xlsreport$mxsheetid" BIGINT NOT NULL,
	"xlsreport$mxtemplateid" BIGINT NOT NULL,
	PRIMARY KEY("xlsreport$mxsheetid","xlsreport$mxtemplateid"),
	CONSTRAINT "uniq_xlsreport$mxsheet_template_xlsreport$mxsheetid" UNIQUE ("xlsreport$mxsheetid"));
CREATE INDEX "idx_xlsreport$mxsheet_template_xlsreport$mxtemplate_xlsreport$mxsheet" ON "xlsreport$mxsheet_template" ("xlsreport$mxtemplateid" ASC,"xlsreport$mxsheetid" ASC);
INSERT INTO "mendixsystem$association" ("id", 
"association_name", 
"table_name", 
"parent_entity_id", 
"child_entity_id", 
"parent_column_name", 
"child_column_name", 
"index_name")
 VALUES ('afbe50f1-144d-4d99-9adb-e909dfff850f', 
'XLSReport.MxSheet_Template', 
'xlsreport$mxsheet_template', 
'26baa3bd-fd4c-421b-8ab3-b060d6e832f2', 
'664759c4-45f7-46e9-a888-4680c7f274f2', 
'xlsreport$mxsheetid', 
'xlsreport$mxtemplateid', 
'idx_xlsreport$mxsheet_template_xlsreport$mxtemplate_xlsreport$mxsheet');
INSERT INTO "mendixsystem$unique_constraint" ("name", 
"table_id", 
"column_id")
 VALUES ('uniq_xlsreport$mxsheet_template_xlsreport$mxsheetid', 
'afbe50f1-144d-4d99-9adb-e909dfff850f', 
'738e6949-1819-316b-a25c-0a5562e6129f');
CREATE TABLE "xlsreport$mxsheet_defaultstyle" (
	"xlsreport$mxsheetid" BIGINT NOT NULL,
	"xlsreport$mxcellstyleid" BIGINT NOT NULL,
	PRIMARY KEY("xlsreport$mxsheetid","xlsreport$mxcellstyleid"),
	CONSTRAINT "uniq_xlsreport$mxsheet_defaultstyle_xlsreport$mxsheetid" UNIQUE ("xlsreport$mxsheetid"));
CREATE INDEX "idx_xlsreport$mxsheet_defaultstyle_xlsreport$mxcellstyle_xlsreport$mxsheet" ON "xlsreport$mxsheet_defaultstyle" ("xlsreport$mxcellstyleid" ASC,"xlsreport$mxsheetid" ASC);
INSERT INTO "mendixsystem$association" ("id", 
"association_name", 
"table_name", 
"parent_entity_id", 
"child_entity_id", 
"parent_column_name", 
"child_column_name", 
"index_name")
 VALUES ('bc2cf3a3-cd40-4eb5-a269-27da3a932f57', 
'XLSReport.MxSheet_DefaultStyle', 
'xlsreport$mxsheet_defaultstyle', 
'26baa3bd-fd4c-421b-8ab3-b060d6e832f2', 
'fabcc2c3-f8eb-4c28-88a9-173c1923a458', 
'xlsreport$mxsheetid', 
'xlsreport$mxcellstyleid', 
'idx_xlsreport$mxsheet_defaultstyle_xlsreport$mxcellstyle_xlsreport$mxsheet');
INSERT INTO "mendixsystem$unique_constraint" ("name", 
"table_id", 
"column_id")
 VALUES ('uniq_xlsreport$mxsheet_defaultstyle_xlsreport$mxsheetid', 
'bc2cf3a3-cd40-4eb5-a269-27da3a932f57', 
'f0345837-db95-3800-978a-05185535de30');
CREATE TABLE "mxmodelreflection$mxobjectmember" (
	"id" BIGINT NOT NULL,
	"changeddate" TIMESTAMP NULL,
	"descriptivename" VARCHAR_IGNORECASE(200) NULL,
	"createddate" TIMESTAMP NULL,
	"attributetype" VARCHAR_IGNORECASE(200) NULL,
	"fieldlength" INT NULL,
	"attributename" VARCHAR_IGNORECASE(200) NULL,
	"completename" VARCHAR_IGNORECASE(400) NULL,
	"isvirtual" BOOLEAN NULL,
	"attributetypeenum" VARCHAR_IGNORECASE(11) NULL,
	"submetaobjectname" VARCHAR_IGNORECASE(255) NULL,
	"system$changedby" BIGINT NULL,
	"system$owner" BIGINT NULL,
	PRIMARY KEY("id"));
CREATE INDEX "idx_mxmodelreflection$mxobjectmember_submetaobjectname_asc" ON "mxmodelreflection$mxobjectmember" ("submetaobjectname" ASC,"id" ASC);
CREATE INDEX "idx_mxmodelreflection$mxobjectmember_system$changedby" ON "mxmodelreflection$mxobjectmember" ("system$changedby" ASC,"id" ASC);
CREATE INDEX "idx_mxmodelreflection$mxobjectmember_system$owner" ON "mxmodelreflection$mxobjectmember" ("system$owner" ASC,"id" ASC);
INSERT INTO "mendixsystem$entity" ("id", 
"entity_name", 
"table_name", 
"remote", 
"remote_primary_key")
 VALUES ('7cd802fc-7e11-4ba1-ad0f-baefb72f7a21', 
'MxModelReflection.MxObjectMember', 
'mxmodelreflection$mxobjectmember', 
false, 
false);
INSERT INTO "mendixsystem$attribute" ("id", 
"entity_id", 
"attribute_name", 
"column_name", 
"type", 
"length", 
"default_value", 
"is_auto_number")
 VALUES ('207b2205-2623-3e43-a1cf-44243ad7fe71', 
'7cd802fc-7e11-4ba1-ad0f-baefb72f7a21', 
'changedDate', 
'changeddate', 
20, 
0, 
'', 
false);
INSERT INTO "mendixsystem$attribute" ("id", 
"entity_id", 
"attribute_name", 
"column_name", 
"type", 
"length", 
"default_value", 
"is_auto_number")
 VALUES ('4ba20be4-6788-49d6-b769-a306a8739e53', 
'7cd802fc-7e11-4ba1-ad0f-baefb72f7a21', 
'DescriptiveName', 
'descriptivename', 
30, 
200, 
'', 
false);
INSERT INTO "mendixsystem$attribute" ("id", 
"entity_id", 
"attribute_name", 
"column_name", 
"type", 
"length", 
"default_value", 
"is_auto_number")
 VALUES ('ed671116-d447-3d86-975c-bd36e56ec0de', 
'7cd802fc-7e11-4ba1-ad0f-baefb72f7a21', 
'createdDate', 
'createddate', 
20, 
0, 
'', 
false);
INSERT INTO "mendixsystem$attribute" ("id", 
"entity_id", 
"attribute_name", 
"column_name", 
"type", 
"length", 
"default_value", 
"is_auto_number")
 VALUES ('8d51a933-3ab1-4a15-b82c-6399ec684846', 
'7cd802fc-7e11-4ba1-ad0f-baefb72f7a21', 
'AttributeType', 
'attributetype', 
30, 
200, 
'', 
false);
INSERT INTO "mendixsystem$attribute" ("id", 
"entity_id", 
"attribute_name", 
"column_name", 
"type", 
"length", 
"default_value", 
"is_auto_number")
 VALUES ('29abd5c9-353a-486c-b32c-0c055a0e6ba0', 
'7cd802fc-7e11-4ba1-ad0f-baefb72f7a21', 
'FieldLength', 
'fieldlength', 
3, 
0, 
'', 
false);
INSERT INTO "mendixsystem$attribute" ("id", 
"entity_id", 
"attribute_name", 
"column_name", 
"type", 
"length", 
"default_value", 
"is_auto_number")
 VALUES ('7281d068-e57d-481b-b4fa-2f88441d110e', 
'7cd802fc-7e11-4ba1-ad0f-baefb72f7a21', 
'AttributeName', 
'attributename', 
30, 
200, 
'', 
false);
INSERT INTO "mendixsystem$attribute" ("id", 
"entity_id", 
"attribute_name", 
"column_name", 
"type", 
"length", 
"default_value", 
"is_auto_number")
 VALUES ('d5ebdd7a-3129-439d-8750-74b7a44a9e33', 
'7cd802fc-7e11-4ba1-ad0f-baefb72f7a21', 
'CompleteName', 
'completename', 
30, 
400, 
'', 
false);
INSERT INTO "mendixsystem$attribute" ("id", 
"entity_id", 
"attribute_name", 
"column_name", 
"type", 
"length", 
"default_value", 
"is_auto_number")
 VALUES ('a490473e-e0c5-410b-b9c7-753785801fef', 
'7cd802fc-7e11-4ba1-ad0f-baefb72f7a21', 
'IsVirtual', 
'isvirtual', 
10, 
0, 
'false', 
false);
INSERT INTO "mendixsystem$attribute" ("id", 
"entity_id", 
"attribute_name", 
"column_name", 
"type", 
"length", 
"default_value", 
"is_auto_number")
 VALUES ('905d0998-8a56-4b0e-a182-12579d5cd164', 
'7cd802fc-7e11-4ba1-ad0f-baefb72f7a21', 
'AttributeTypeEnum', 
'attributetypeenum', 
40, 
11, 
'', 
false);
INSERT INTO "mendixsystem$attribute" ("id", 
"entity_id", 
"attribute_name", 
"column_name", 
"type", 
"length", 
"default_value", 
"is_auto_number")
 VALUES ('8b95a97a-8337-3325-b089-9743c6bc8f32', 
'7cd802fc-7e11-4ba1-ad0f-baefb72f7a21', 
'submetaobjectname', 
'submetaobjectname', 
30, 
255, 
'MxModelReflection.MxObjectMember', 
false);
INSERT INTO "mendixsystem$index" ("id", 
"table_id", 
"index_name")
 VALUES ('c0e133f5-ae87-362a-8a31-7f3fa267c249', 
'7cd802fc-7e11-4ba1-ad0f-baefb72f7a21', 
'idx_mxmodelreflection$mxobjectmember_submetaobjectname_asc');
INSERT INTO "mendixsystem$index_column" ("index_id", 
"column_id", 
"sort_order", 
"ordinal")
 VALUES ('c0e133f5-ae87-362a-8a31-7f3fa267c249', 
'8b95a97a-8337-3325-b089-9743c6bc8f32', 
false, 
0);
INSERT INTO "mendixsystem$index" ("id", 
"table_id", 
"index_name")
 VALUES ('eef2d561-eec3-3fc5-b410-07cf21f8c1a5', 
'7cd802fc-7e11-4ba1-ad0f-baefb72f7a21', 
'idx_mxmodelreflection$mxobjectmember_system$changedby');
INSERT INTO "mendixsystem$index_column" ("index_id", 
"column_id", 
"sort_order", 
"ordinal")
 VALUES ('eef2d561-eec3-3fc5-b410-07cf21f8c1a5', 
'2f256076-8550-35d1-8c15-df6eeda5c140', 
false, 
0);
INSERT INTO "mendixsystem$index" ("id", 
"table_id", 
"index_name")
 VALUES ('bde74828-69e6-3e55-a271-84ec31532da0', 
'7cd802fc-7e11-4ba1-ad0f-baefb72f7a21', 
'idx_mxmodelreflection$mxobjectmember_system$owner');
INSERT INTO "mendixsystem$index_column" ("index_id", 
"column_id", 
"sort_order", 
"ordinal")
 VALUES ('bde74828-69e6-3e55-a271-84ec31532da0', 
'4ea9a9cf-71ff-3b11-a7a7-8c61f5f99627', 
false, 
0);
INSERT INTO "mendixsystem$association" ("id", 
"association_name", 
"table_name", 
"parent_entity_id", 
"child_entity_id", 
"parent_column_name", 
"child_column_name")
 VALUES ('2f256076-8550-35d1-8c15-df6eeda5c140', 
'System.changedBy', 
'system$changedby', 
'7cd802fc-7e11-4ba1-ad0f-baefb72f7a21', 
'282e2e60-88a5-469d-84a5-ba8d9151644f', 
'id', 
'system$changedby');
INSERT INTO "mendixsystem$association" ("id", 
"association_name", 
"table_name", 
"parent_entity_id", 
"child_entity_id", 
"parent_column_name", 
"child_column_name")
 VALUES ('4ea9a9cf-71ff-3b11-a7a7-8c61f5f99627', 
'System.owner', 
'system$owner', 
'7cd802fc-7e11-4ba1-ad0f-baefb72f7a21', 
'282e2e60-88a5-469d-84a5-ba8d9151644f', 
'id', 
'system$owner');
CREATE TABLE "mxmodelreflection$mxobjectmember_type" (
	"mxmodelreflection$mxobjectmemberid" BIGINT NOT NULL,
	"mxmodelreflection$valuetypeid" BIGINT NOT NULL,
	PRIMARY KEY("mxmodelreflection$mxobjectmemberid","mxmodelreflection$valuetypeid"),
	CONSTRAINT "uniq_mxmodelreflection$mxobjectmember_type_mxmodelreflection$mxobjectmemberid" UNIQUE ("mxmodelreflection$mxobjectmemberid"));
CREATE INDEX "idx_mxmodelreflection$mxobjectmember_type_mxmodelreflection$valuetype_mxmodelreflection$mxobjectmember" ON "mxmodelreflection$mxobjectmember_type" ("mxmodelreflection$valuetypeid" ASC,"mxmodelreflection$mxobjectmemberid" ASC);
INSERT INTO "mendixsystem$association" ("id", 
"association_name", 
"table_name", 
"parent_entity_id", 
"child_entity_id", 
"parent_column_name", 
"child_column_name", 
"index_name")
 VALUES ('d60043e5-89d6-40c1-ab8d-0aa967bef500', 
'MxModelReflection.MxObjectMember_Type', 
'mxmodelreflection$mxobjectmember_type', 
'7cd802fc-7e11-4ba1-ad0f-baefb72f7a21', 
'c16dea89-2d7f-4d60-8716-2c6fa8176500', 
'mxmodelreflection$mxobjectmemberid', 
'mxmodelreflection$valuetypeid', 
'idx_mxmodelreflection$mxobjectmember_type_mxmodelreflection$valuetype_mxmodelreflection$mxobjectmember');
INSERT INTO "mendixsystem$unique_constraint" ("name", 
"table_id", 
"column_id")
 VALUES ('uniq_mxmodelreflection$mxobjectmember_type_mxmodelreflection$mxobjectmemberid', 
'd60043e5-89d6-40c1-ab8d-0aa967bef500', 
'1eb6d606-17ee-36f7-b02d-c8a94f615bd8');
CREATE TABLE "mxmodelreflection$mxobjectmember_mxobjecttype" (
	"mxmodelreflection$mxobjectmemberid" BIGINT NOT NULL,
	"mxmodelreflection$mxobjecttypeid" BIGINT NOT NULL,
	PRIMARY KEY("mxmodelreflection$mxobjectmemberid","mxmodelreflection$mxobjecttypeid"),
	CONSTRAINT "uniq_mxmodelreflection$mxobjectmember_mxobjecttype_mxmodelreflection$mxobjectmemberid" UNIQUE ("mxmodelreflection$mxobjectmemberid"));
CREATE INDEX "idx_mxmodelreflection$mxobjectmember_mxobjecttype_mxmodelreflection$mxobjecttype_mxmodelreflection$mxobjectmember" ON "mxmodelreflection$mxobjectmember_mxobjecttype" ("mxmodelreflection$mxobjecttypeid" ASC,"mxmodelreflection$mxobjectmemberid" ASC);
INSERT INTO "mendixsystem$association" ("id", 
"association_name", 
"table_name", 
"parent_entity_id", 
"child_entity_id", 
"parent_column_name", 
"child_column_name", 
"index_name")
 VALUES ('3b11e9fa-4d81-4be5-86e7-8e64b97a081f', 
'MxModelReflection.MxObjectMember_MxObjectType', 
'mxmodelreflection$mxobjectmember_mxobjecttype', 
'7cd802fc-7e11-4ba1-ad0f-baefb72f7a21', 
'e560b1cf-fa41-4fb1-9a2f-cfd77c16737e', 
'mxmodelreflection$mxobjectmemberid', 
'mxmodelreflection$mxobjecttypeid', 
'idx_mxmodelreflection$mxobjectmember_mxobjecttype_mxmodelreflection$mxobjecttype_mxmodelreflection$mxobjectmember');
INSERT INTO "mendixsystem$unique_constraint" ("name", 
"table_id", 
"column_id")
 VALUES ('uniq_mxmodelreflection$mxobjectmember_mxobjecttype_mxmodelreflection$mxobjectmemberid', 
'3b11e9fa-4d81-4be5-86e7-8e64b97a081f', 
'cfa32ffe-4140-37d9-9cf0-58e138c07294');
CREATE TABLE "xlsreport$mxcolumnsettings" (
	"id" BIGINT NOT NULL,
	"changeddate" TIMESTAMP NULL,
	"columnwidth" INT NULL,
	"columnindex" INT NULL,
	"createddate" TIMESTAMP NULL,
	"autosize" BOOLEAN NULL,
	"system$owner" BIGINT NULL,
	"system$changedby" BIGINT NULL,
	PRIMARY KEY("id"));
CREATE INDEX "idx_xlsreport$mxcolumnsettings_system$owner" ON "xlsreport$mxcolumnsettings" ("system$owner" ASC,"id" ASC);
CREATE INDEX "idx_xlsreport$mxcolumnsettings_system$changedby" ON "xlsreport$mxcolumnsettings" ("system$changedby" ASC,"id" ASC);
INSERT INTO "mendixsystem$entity" ("id", 
"entity_name", 
"table_name", 
"remote", 
"remote_primary_key")
 VALUES ('7aa7fc00-820b-48b2-9af6-17b72d0a2b68', 
'XLSReport.MxColumnSettings', 
'xlsreport$mxcolumnsettings', 
false, 
false);
INSERT INTO "mendixsystem$attribute" ("id", 
"entity_id", 
"attribute_name", 
"column_name", 
"type", 
"length", 
"default_value", 
"is_auto_number")
 VALUES ('c7fbbfa8-2b70-30e9-bfac-03ca19f56f53', 
'7aa7fc00-820b-48b2-9af6-17b72d0a2b68', 
'changedDate', 
'changeddate', 
20, 
0, 
'', 
false);
INSERT INTO "mendixsystem$attribute" ("id", 
"entity_id", 
"attribute_name", 
"column_name", 
"type", 
"length", 
"default_value", 
"is_auto_number")
 VALUES ('fc462b8a-e31e-42ab-abe7-0586fd108c6c', 
'7aa7fc00-820b-48b2-9af6-17b72d0a2b68', 
'ColumnWidth', 
'columnwidth', 
3, 
0, 
'0', 
false);
INSERT INTO "mendixsystem$attribute" ("id", 
"entity_id", 
"attribute_name", 
"column_name", 
"type", 
"length", 
"default_value", 
"is_auto_number")
 VALUES ('91d71356-d7d7-402f-9506-4ab4408e220c', 
'7aa7fc00-820b-48b2-9af6-17b72d0a2b68', 
'ColumnIndex', 
'columnindex', 
3, 
0, 
'0', 
false);
INSERT INTO "mendixsystem$attribute" ("id", 
"entity_id", 
"attribute_name", 
"column_name", 
"type", 
"length", 
"default_value", 
"is_auto_number")
 VALUES ('a83f9a64-f858-30ff-936e-8a9d7480468d', 
'7aa7fc00-820b-48b2-9af6-17b72d0a2b68', 
'createdDate', 
'createddate', 
20, 
0, 
'', 
false);
INSERT INTO "mendixsystem$attribute" ("id", 
"entity_id", 
"attribute_name", 
"column_name", 
"type", 
"length", 
"default_value", 
"is_auto_number")
 VALUES ('26c8f612-f792-4a2e-91d5-7a3b170988cf', 
'7aa7fc00-820b-48b2-9af6-17b72d0a2b68', 
'AutoSize', 
'autosize', 
10, 
0, 
'false', 
false);
INSERT INTO "mendixsystem$index" ("id", 
"table_id", 
"index_name")
 VALUES ('186b4d0c-d6dd-3134-bbc9-b9a854a3cdc8', 
'7aa7fc00-820b-48b2-9af6-17b72d0a2b68', 
'idx_xlsreport$mxcolumnsettings_system$owner');
INSERT INTO "mendixsystem$index_column" ("index_id", 
"column_id", 
"sort_order", 
"ordinal")
 VALUES ('186b4d0c-d6dd-3134-bbc9-b9a854a3cdc8', 
'05f60b29-1765-38dc-8553-692cd15f4206', 
false, 
0);
INSERT INTO "mendixsystem$index" ("id", 
"table_id", 
"index_name")
 VALUES ('1a775a2d-0156-3b4a-aced-f0a63aeca8be', 
'7aa7fc00-820b-48b2-9af6-17b72d0a2b68', 
'idx_xlsreport$mxcolumnsettings_system$changedby');
INSERT INTO "mendixsystem$index_column" ("index_id", 
"column_id", 
"sort_order", 
"ordinal")
 VALUES ('1a775a2d-0156-3b4a-aced-f0a63aeca8be', 
'5682fe60-0661-3ea5-a9fc-41ddf865d23c', 
false, 
0);
INSERT INTO "mendixsystem$association" ("id", 
"association_name", 
"table_name", 
"parent_entity_id", 
"child_entity_id", 
"parent_column_name", 
"child_column_name")
 VALUES ('05f60b29-1765-38dc-8553-692cd15f4206', 
'System.owner', 
'system$owner', 
'7aa7fc00-820b-48b2-9af6-17b72d0a2b68', 
'282e2e60-88a5-469d-84a5-ba8d9151644f', 
'id', 
'system$owner');
INSERT INTO "mendixsystem$association" ("id", 
"association_name", 
"table_name", 
"parent_entity_id", 
"child_entity_id", 
"parent_column_name", 
"child_column_name")
 VALUES ('5682fe60-0661-3ea5-a9fc-41ddf865d23c', 
'System.changedBy', 
'system$changedby', 
'7aa7fc00-820b-48b2-9af6-17b72d0a2b68', 
'282e2e60-88a5-469d-84a5-ba8d9151644f', 
'id', 
'system$changedby');
CREATE TABLE "xlsreport$columnsettings_mxsheet" (
	"xlsreport$mxcolumnsettingsid" BIGINT NOT NULL,
	"xlsreport$mxsheetid" BIGINT NOT NULL,
	PRIMARY KEY("xlsreport$mxcolumnsettingsid","xlsreport$mxsheetid"),
	CONSTRAINT "uniq_xlsreport$columnsettings_mxsheet_xlsreport$mxcolumnsettingsid" UNIQUE ("xlsreport$mxcolumnsettingsid"));
CREATE INDEX "idx_xlsreport$columnsettings_mxsheet_xlsreport$mxsheet_xlsreport$mxcolumnsettings" ON "xlsreport$columnsettings_mxsheet" ("xlsreport$mxsheetid" ASC,"xlsreport$mxcolumnsettingsid" ASC);
INSERT INTO "mendixsystem$association" ("id", 
"association_name", 
"table_name", 
"parent_entity_id", 
"child_entity_id", 
"parent_column_name", 
"child_column_name", 
"index_name")
 VALUES ('cb8d80bb-4e32-4ac2-abf1-d498d480b5b6', 
'XLSReport.ColumnSettings_MxSheet', 
'xlsreport$columnsettings_mxsheet', 
'7aa7fc00-820b-48b2-9af6-17b72d0a2b68', 
'26baa3bd-fd4c-421b-8ab3-b060d6e832f2', 
'xlsreport$mxcolumnsettingsid', 
'xlsreport$mxsheetid', 
'idx_xlsreport$columnsettings_mxsheet_xlsreport$mxsheet_xlsreport$mxcolumnsettings');
INSERT INTO "mendixsystem$unique_constraint" ("name", 
"table_id", 
"column_id")
 VALUES ('uniq_xlsreport$columnsettings_mxsheet_xlsreport$mxcolumnsettingsid', 
'cb8d80bb-4e32-4ac2-abf1-d498d480b5b6', 
'93149354-475d-307c-b9bc-e89cd0033f73');
CREATE TABLE "xlsreport$mxconstraint" (
	"id" BIGINT NOT NULL,
	"constraintnumber" BIGINT NULL,
	"constraintdecimal" DECIMAL(28, 8) NULL,
	"attribute" VARCHAR_IGNORECASE(200) NULL,
	"constraint" VARCHAR_IGNORECASE(12) NULL,
	"attributetype" VARCHAR_IGNORECASE(7) NULL,
	"constrainttext" VARCHAR_IGNORECASE(50) NULL,
	"constraintdatetime" VARCHAR_IGNORECASE(6) NULL,
	"constraintboolean" BOOLEAN NULL,
	"summary" VARCHAR_IGNORECASE(200) NULL,
	"sequence" INT NULL,
	"andor" VARCHAR_IGNORECASE(3) NULL,
	PRIMARY KEY("id"));
INSERT INTO "mendixsystem$entity" ("id", 
"entity_name", 
"table_name", 
"remote", 
"remote_primary_key")
 VALUES ('1ef15d7b-8003-42e3-92db-74a1d5cad191', 
'XLSReport.MxConstraint', 
'xlsreport$mxconstraint', 
false, 
false);
INSERT INTO "mendixsystem$attribute" ("id", 
"entity_id", 
"attribute_name", 
"column_name", 
"type", 
"length", 
"default_value", 
"is_auto_number")
 VALUES ('47594305-15c1-4c4f-9cad-537de168f875', 
'1ef15d7b-8003-42e3-92db-74a1d5cad191', 
'ConstraintNumber', 
'constraintnumber', 
4, 
0, 
'0', 
false);
INSERT INTO "mendixsystem$attribute" ("id", 
"entity_id", 
"attribute_name", 
"column_name", 
"type", 
"length", 
"default_value", 
"is_auto_number")
 VALUES ('acf0e43e-90f7-4a52-a52a-03971223ebae', 
'1ef15d7b-8003-42e3-92db-74a1d5cad191', 
'ConstraintDecimal', 
'constraintdecimal', 
5, 
0, 
'0', 
false);
INSERT INTO "mendixsystem$attribute" ("id", 
"entity_id", 
"attribute_name", 
"column_name", 
"type", 
"length", 
"default_value", 
"is_auto_number")
 VALUES ('17dff1e9-107a-47a9-bcf6-e8db765d094e', 
'1ef15d7b-8003-42e3-92db-74a1d5cad191', 
'Attribute', 
'attribute', 
30, 
200, 
'', 
false);
INSERT INTO "mendixsystem$attribute" ("id", 
"entity_id", 
"attribute_name", 
"column_name", 
"type", 
"length", 
"default_value", 
"is_auto_number")
 VALUES ('a1bcaaa3-d9d4-42df-9f14-c7c0c17bad09', 
'1ef15d7b-8003-42e3-92db-74a1d5cad191', 
'Constraint', 
'constraint', 
40, 
12, 
'', 
false);
INSERT INTO "mendixsystem$attribute" ("id", 
"entity_id", 
"attribute_name", 
"column_name", 
"type", 
"length", 
"default_value", 
"is_auto_number")
 VALUES ('5d48a298-b200-4ce6-809e-e026c36de239', 
'1ef15d7b-8003-42e3-92db-74a1d5cad191', 
'AttributeType', 
'attributetype', 
40, 
7, 
'', 
false);
INSERT INTO "mendixsystem$attribute" ("id", 
"entity_id", 
"attribute_name", 
"column_name", 
"type", 
"length", 
"default_value", 
"is_auto_number")
 VALUES ('dc54e104-53e3-44eb-a42b-c54833bcc045', 
'1ef15d7b-8003-42e3-92db-74a1d5cad191', 
'ConstraintText', 
'constrainttext', 
30, 
50, 
'', 
false);
INSERT INTO "mendixsystem$attribute" ("id", 
"entity_id", 
"attribute_name", 
"column_name", 
"type", 
"length", 
"default_value", 
"is_auto_number")
 VALUES ('c47ac467-b741-4b65-832d-3e8f79e2d483', 
'1ef15d7b-8003-42e3-92db-74a1d5cad191', 
'ConstraintDateTime', 
'constraintdatetime', 
40, 
6, 
'', 
false);
INSERT INTO "mendixsystem$attribute" ("id", 
"entity_id", 
"attribute_name", 
"column_name", 
"type", 
"length", 
"default_value", 
"is_auto_number")
 VALUES ('70975e9f-92d8-4361-89c2-8f6f754d7a4c', 
'1ef15d7b-8003-42e3-92db-74a1d5cad191', 
'ConstraintBoolean', 
'constraintboolean', 
10, 
0, 
'false', 
false);
INSERT INTO "mendixsystem$attribute" ("id", 
"entity_id", 
"attribute_name", 
"column_name", 
"type", 
"length", 
"default_value", 
"is_auto_number")
 VALUES ('00790789-959b-4a23-9317-33ad5510b3f1', 
'1ef15d7b-8003-42e3-92db-74a1d5cad191', 
'Summary', 
'summary', 
30, 
200, 
'', 
false);
INSERT INTO "mendixsystem$attribute" ("id", 
"entity_id", 
"attribute_name", 
"column_name", 
"type", 
"length", 
"default_value", 
"is_auto_number")
 VALUES ('28de4f4e-b0ae-4dfb-997d-487f87ee9932', 
'1ef15d7b-8003-42e3-92db-74a1d5cad191', 
'Sequence', 
'sequence', 
3, 
0, 
'0', 
false);
INSERT INTO "mendixsystem$attribute" ("id", 
"entity_id", 
"attribute_name", 
"column_name", 
"type", 
"length", 
"default_value", 
"is_auto_number")
 VALUES ('fb61bb7b-a6cc-436a-b7f3-babd0d195733', 
'1ef15d7b-8003-42e3-92db-74a1d5cad191', 
'AndOr', 
'andor', 
40, 
3, 
'AND', 
false);
CREATE TABLE "xlsreport$mxconstraint_mxxpath" (
	"xlsreport$mxconstraintid" BIGINT NOT NULL,
	"xlsreport$mxxpathid" BIGINT NOT NULL,
	PRIMARY KEY("xlsreport$mxconstraintid","xlsreport$mxxpathid"),
	CONSTRAINT "uniq_xlsreport$mxconstraint_mxxpath_xlsreport$mxxpathid" UNIQUE ("xlsreport$mxxpathid"),
	CONSTRAINT "uniq_xlsreport$mxconstraint_mxxpath_xlsreport$mxconstraintid" UNIQUE ("xlsreport$mxconstraintid"));
CREATE INDEX "idx_xlsreport$mxconstraint_mxxpath_xlsreport$mxxpath_xlsreport$mxconstraint" ON "xlsreport$mxconstraint_mxxpath" ("xlsreport$mxxpathid" ASC,"xlsreport$mxconstraintid" ASC);
INSERT INTO "mendixsystem$association" ("id", 
"association_name", 
"table_name", 
"parent_entity_id", 
"child_entity_id", 
"parent_column_name", 
"child_column_name", 
"index_name")
 VALUES ('4698b3fd-fe3b-4a08-bf12-6e4f6f739b5d', 
'XLSReport.MxConstraint_MxXPath', 
'xlsreport$mxconstraint_mxxpath', 
'1ef15d7b-8003-42e3-92db-74a1d5cad191', 
'17bdece5-a6ab-4f25-acdb-364af05dc62c', 
'xlsreport$mxconstraintid', 
'xlsreport$mxxpathid', 
'idx_xlsreport$mxconstraint_mxxpath_xlsreport$mxxpath_xlsreport$mxconstraint');
INSERT INTO "mendixsystem$unique_constraint" ("name", 
"table_id", 
"column_id")
 VALUES ('uniq_xlsreport$mxconstraint_mxxpath_xlsreport$mxxpathid', 
'4698b3fd-fe3b-4a08-bf12-6e4f6f739b5d', 
'983f1489-45db-37cf-89e0-983f181573e1');
INSERT INTO "mendixsystem$unique_constraint" ("name", 
"table_id", 
"column_id")
 VALUES ('uniq_xlsreport$mxconstraint_mxxpath_xlsreport$mxconstraintid', 
'4698b3fd-fe3b-4a08-bf12-6e4f6f739b5d', 
'07a0393f-5f9f-3718-9320-b742b8518818');
CREATE TABLE "xlsreport$mxconstraint_mxsheet" (
	"xlsreport$mxconstraintid" BIGINT NOT NULL,
	"xlsreport$mxsheetid" BIGINT NOT NULL,
	PRIMARY KEY("xlsreport$mxconstraintid","xlsreport$mxsheetid"),
	CONSTRAINT "uniq_xlsreport$mxconstraint_mxsheet_xlsreport$mxconstraintid" UNIQUE ("xlsreport$mxconstraintid"));
CREATE INDEX "idx_xlsreport$mxconstraint_mxsheet_xlsreport$mxsheet_xlsreport$mxconstraint" ON "xlsreport$mxconstraint_mxsheet" ("xlsreport$mxsheetid" ASC,"xlsreport$mxconstraintid" ASC);
INSERT INTO "mendixsystem$association" ("id", 
"association_name", 
"table_name", 
"parent_entity_id", 
"child_entity_id", 
"parent_column_name", 
"child_column_name", 
"index_name")
 VALUES ('d8d56329-767c-4853-9a67-f4b2652d4124', 
'XLSReport.MxConstraint_MxSheet', 
'xlsreport$mxconstraint_mxsheet', 
'1ef15d7b-8003-42e3-92db-74a1d5cad191', 
'26baa3bd-fd4c-421b-8ab3-b060d6e832f2', 
'xlsreport$mxconstraintid', 
'xlsreport$mxsheetid', 
'idx_xlsreport$mxconstraint_mxsheet_xlsreport$mxsheet_xlsreport$mxconstraint');
INSERT INTO "mendixsystem$unique_constraint" ("name", 
"table_id", 
"column_id")
 VALUES ('uniq_xlsreport$mxconstraint_mxsheet_xlsreport$mxconstraintid', 
'd8d56329-767c-4853-9a67-f4b2652d4124', 
'1bedea9e-9de8-3dcc-925e-682c492dd5d6');
CREATE TABLE "xlsreport$mxsorting" (
	"id" BIGINT NOT NULL,
	"changeddate" TIMESTAMP NULL,
	"createddate" TIMESTAMP NULL,
	"attribute" VARCHAR_IGNORECASE(200) NULL,
	"summary" VARCHAR_IGNORECASE(200) NULL,
	"sortingdirection" VARCHAR_IGNORECASE(4) NULL,
	"sequence" INT NULL,
	"system$owner" BIGINT NULL,
	"system$changedby" BIGINT NULL,
	PRIMARY KEY("id"));
CREATE INDEX "idx_xlsreport$mxsorting_system$owner" ON "xlsreport$mxsorting" ("system$owner" ASC,"id" ASC);
CREATE INDEX "idx_xlsreport$mxsorting_system$changedby" ON "xlsreport$mxsorting" ("system$changedby" ASC,"id" ASC);
INSERT INTO "mendixsystem$entity" ("id", 
"entity_name", 
"table_name", 
"remote", 
"remote_primary_key")
 VALUES ('a4c8ac60-db31-4c7b-b236-3eb2ecdea6fb', 
'XLSReport.MxSorting', 
'xlsreport$mxsorting', 
false, 
false);
INSERT INTO "mendixsystem$attribute" ("id", 
"entity_id", 
"attribute_name", 
"column_name", 
"type", 
"length", 
"default_value", 
"is_auto_number")
 VALUES ('6433be48-4312-3493-8c20-1e70f6de6dd0', 
'a4c8ac60-db31-4c7b-b236-3eb2ecdea6fb', 
'changedDate', 
'changeddate', 
20, 
0, 
'', 
false);
INSERT INTO "mendixsystem$attribute" ("id", 
"entity_id", 
"attribute_name", 
"column_name", 
"type", 
"length", 
"default_value", 
"is_auto_number")
 VALUES ('2f3c0d4a-601d-3806-a00a-168ee35d2ab1', 
'a4c8ac60-db31-4c7b-b236-3eb2ecdea6fb', 
'createdDate', 
'createddate', 
20, 
0, 
'', 
false);
INSERT INTO "mendixsystem$attribute" ("id", 
"entity_id", 
"attribute_name", 
"column_name", 
"type", 
"length", 
"default_value", 
"is_auto_number")
 VALUES ('0fc6260d-bc47-4263-84d9-be8fb8015bde', 
'a4c8ac60-db31-4c7b-b236-3eb2ecdea6fb', 
'Attribute', 
'attribute', 
30, 
200, 
'', 
false);
INSERT INTO "mendixsystem$attribute" ("id", 
"entity_id", 
"attribute_name", 
"column_name", 
"type", 
"length", 
"default_value", 
"is_auto_number")
 VALUES ('06fb85b8-104c-4a3e-bba2-927ef18922d7', 
'a4c8ac60-db31-4c7b-b236-3eb2ecdea6fb', 
'Summary', 
'summary', 
30, 
200, 
'', 
false);
INSERT INTO "mendixsystem$attribute" ("id", 
"entity_id", 
"attribute_name", 
"column_name", 
"type", 
"length", 
"default_value", 
"is_auto_number")
 VALUES ('125419b1-1093-44e1-899c-993321c139d5', 
'a4c8ac60-db31-4c7b-b236-3eb2ecdea6fb', 
'SortingDirection', 
'sortingdirection', 
40, 
4, 
'Asc', 
false);
INSERT INTO "mendixsystem$attribute" ("id", 
"entity_id", 
"attribute_name", 
"column_name", 
"type", 
"length", 
"default_value", 
"is_auto_number")
 VALUES ('1d5b903f-e161-4737-b7f4-77d98a2b3d17', 
'a4c8ac60-db31-4c7b-b236-3eb2ecdea6fb', 
'Sequence', 
'sequence', 
3, 
0, 
'0', 
false);
INSERT INTO "mendixsystem$index" ("id", 
"table_id", 
"index_name")
 VALUES ('fdbf88ec-e1cd-3131-a41f-5162b733c6e4', 
'a4c8ac60-db31-4c7b-b236-3eb2ecdea6fb', 
'idx_xlsreport$mxsorting_system$owner');
INSERT INTO "mendixsystem$index_column" ("index_id", 
"column_id", 
"sort_order", 
"ordinal")
 VALUES ('fdbf88ec-e1cd-3131-a41f-5162b733c6e4', 
'dafa8b7b-35b4-3617-a636-c50e1138c7a9', 
false, 
0);
INSERT INTO "mendixsystem$index" ("id", 
"table_id", 
"index_name")
 VALUES ('ebab12c8-c281-31ee-824d-b141834e91e8', 
'a4c8ac60-db31-4c7b-b236-3eb2ecdea6fb', 
'idx_xlsreport$mxsorting_system$changedby');
INSERT INTO "mendixsystem$index_column" ("index_id", 
"column_id", 
"sort_order", 
"ordinal")
 VALUES ('ebab12c8-c281-31ee-824d-b141834e91e8', 
'6f2fb43c-abbe-3fbf-9a25-b9f22a937da2', 
false, 
0);
INSERT INTO "mendixsystem$association" ("id", 
"association_name", 
"table_name", 
"parent_entity_id", 
"child_entity_id", 
"parent_column_name", 
"child_column_name")
 VALUES ('dafa8b7b-35b4-3617-a636-c50e1138c7a9', 
'System.owner', 
'system$owner', 
'a4c8ac60-db31-4c7b-b236-3eb2ecdea6fb', 
'282e2e60-88a5-469d-84a5-ba8d9151644f', 
'id', 
'system$owner');
INSERT INTO "mendixsystem$association" ("id", 
"association_name", 
"table_name", 
"parent_entity_id", 
"child_entity_id", 
"parent_column_name", 
"child_column_name")
 VALUES ('6f2fb43c-abbe-3fbf-9a25-b9f22a937da2', 
'System.changedBy', 
'system$changedby', 
'a4c8ac60-db31-4c7b-b236-3eb2ecdea6fb', 
'282e2e60-88a5-469d-84a5-ba8d9151644f', 
'id', 
'system$changedby');
CREATE TABLE "xlsreport$mxsorting_mxsheet" (
	"xlsreport$mxsortingid" BIGINT NOT NULL,
	"xlsreport$mxsheetid" BIGINT NOT NULL,
	PRIMARY KEY("xlsreport$mxsortingid","xlsreport$mxsheetid"),
	CONSTRAINT "uniq_xlsreport$mxsorting_mxsheet_xlsreport$mxsortingid" UNIQUE ("xlsreport$mxsortingid"));
CREATE INDEX "idx_xlsreport$mxsorting_mxsheet_xlsreport$mxsheet_xlsreport$mxsorting" ON "xlsreport$mxsorting_mxsheet" ("xlsreport$mxsheetid" ASC,"xlsreport$mxsortingid" ASC);
INSERT INTO "mendixsystem$association" ("id", 
"association_name", 
"table_name", 
"parent_entity_id", 
"child_entity_id", 
"parent_column_name", 
"child_column_name", 
"index_name")
 VALUES ('f6da0237-f26c-4056-b1c2-8b657dfb19a7', 
'XLSReport.MxSorting_MxSheet', 
'xlsreport$mxsorting_mxsheet', 
'a4c8ac60-db31-4c7b-b236-3eb2ecdea6fb', 
'26baa3bd-fd4c-421b-8ab3-b060d6e832f2', 
'xlsreport$mxsortingid', 
'xlsreport$mxsheetid', 
'idx_xlsreport$mxsorting_mxsheet_xlsreport$mxsheet_xlsreport$mxsorting');
INSERT INTO "mendixsystem$unique_constraint" ("name", 
"table_id", 
"column_id")
 VALUES ('uniq_xlsreport$mxsorting_mxsheet_xlsreport$mxsortingid', 
'f6da0237-f26c-4056-b1c2-8b657dfb19a7', 
'b31b2bfd-3b70-3dd9-895f-891d6c759616');
CREATE TABLE "xlsreport$mxsorting_mxxpath" (
	"xlsreport$mxsortingid" BIGINT NOT NULL,
	"xlsreport$mxxpathid" BIGINT NOT NULL,
	PRIMARY KEY("xlsreport$mxsortingid","xlsreport$mxxpathid"),
	CONSTRAINT "uniq_xlsreport$mxsorting_mxxpath_xlsreport$mxxpathid" UNIQUE ("xlsreport$mxxpathid"),
	CONSTRAINT "uniq_xlsreport$mxsorting_mxxpath_xlsreport$mxsortingid" UNIQUE ("xlsreport$mxsortingid"));
CREATE INDEX "idx_xlsreport$mxsorting_mxxpath_xlsreport$mxxpath_xlsreport$mxsorting" ON "xlsreport$mxsorting_mxxpath" ("xlsreport$mxxpathid" ASC,"xlsreport$mxsortingid" ASC);
INSERT INTO "mendixsystem$association" ("id", 
"association_name", 
"table_name", 
"parent_entity_id", 
"child_entity_id", 
"parent_column_name", 
"child_column_name", 
"index_name")
 VALUES ('792ab5fa-efc3-4785-9977-989323420441', 
'XLSReport.MxSorting_MxXPath', 
'xlsreport$mxsorting_mxxpath', 
'a4c8ac60-db31-4c7b-b236-3eb2ecdea6fb', 
'17bdece5-a6ab-4f25-acdb-364af05dc62c', 
'xlsreport$mxsortingid', 
'xlsreport$mxxpathid', 
'idx_xlsreport$mxsorting_mxxpath_xlsreport$mxxpath_xlsreport$mxsorting');
INSERT INTO "mendixsystem$unique_constraint" ("name", 
"table_id", 
"column_id")
 VALUES ('uniq_xlsreport$mxsorting_mxxpath_xlsreport$mxxpathid', 
'792ab5fa-efc3-4785-9977-989323420441', 
'36c57cab-9aa7-3d1c-b918-af59dd49d979');
INSERT INTO "mendixsystem$unique_constraint" ("name", 
"table_id", 
"column_id")
 VALUES ('uniq_xlsreport$mxsorting_mxxpath_xlsreport$mxsortingid', 
'792ab5fa-efc3-4785-9977-989323420441', 
'92a52fa3-62b7-3fe0-bf0c-382b7ebba419');
CREATE TABLE "mxmodelreflection$parameter" (
	"id" BIGINT NOT NULL,
	"changeddate" TIMESTAMP NULL,
	"createddate" TIMESTAMP NULL,
	"name" VARCHAR_IGNORECASE(200) NULL,
	"system$changedby" BIGINT NULL,
	"system$owner" BIGINT NULL,
	PRIMARY KEY("id"));
CREATE INDEX "idx_mxmodelreflection$parameter_system$changedby" ON "mxmodelreflection$parameter" ("system$changedby" ASC,"id" ASC);
CREATE INDEX "idx_mxmodelreflection$parameter_system$owner" ON "mxmodelreflection$parameter" ("system$owner" ASC,"id" ASC);
INSERT INTO "mendixsystem$entity" ("id", 
"entity_name", 
"table_name", 
"remote", 
"remote_primary_key")
 VALUES ('5065a305-1d95-4268-bb58-0c6d89c6575c', 
'MxModelReflection.Parameter', 
'mxmodelreflection$parameter', 
false, 
false);
INSERT INTO "mendixsystem$attribute" ("id", 
"entity_id", 
"attribute_name", 
"column_name", 
"type", 
"length", 
"default_value", 
"is_auto_number")
 VALUES ('d21948ab-7b6d-3c37-acca-6280a166c477', 
'5065a305-1d95-4268-bb58-0c6d89c6575c', 
'changedDate', 
'changeddate', 
20, 
0, 
'', 
false);
INSERT INTO "mendixsystem$attribute" ("id", 
"entity_id", 
"attribute_name", 
"column_name", 
"type", 
"length", 
"default_value", 
"is_auto_number")
 VALUES ('fbcfbbd4-1f9e-3ab3-bb19-3d522349bfc5', 
'5065a305-1d95-4268-bb58-0c6d89c6575c', 
'createdDate', 
'createddate', 
20, 
0, 
'', 
false);
INSERT INTO "mendixsystem$attribute" ("id", 
"entity_id", 
"attribute_name", 
"column_name", 
"type", 
"length", 
"default_value", 
"is_auto_number")
 VALUES ('63df39c3-701e-4b93-93b3-dbd3fd04120f', 
'5065a305-1d95-4268-bb58-0c6d89c6575c', 
'Name', 
'name', 
30, 
200, 
'', 
false);
INSERT INTO "mendixsystem$index" ("id", 
"table_id", 
"index_name")
 VALUES ('9d0e4503-d4d7-394f-bdfb-1c979d3045fa', 
'5065a305-1d95-4268-bb58-0c6d89c6575c', 
'idx_mxmodelreflection$parameter_system$changedby');
INSERT INTO "mendixsystem$index_column" ("index_id", 
"column_id", 
"sort_order", 
"ordinal")
 VALUES ('9d0e4503-d4d7-394f-bdfb-1c979d3045fa', 
'1c3fa19a-24d0-3bff-b8f5-6bf4f86cb44b', 
false, 
0);
INSERT INTO "mendixsystem$index" ("id", 
"table_id", 
"index_name")
 VALUES ('c21741c6-e338-3f71-aae8-f8e2689f315f', 
'5065a305-1d95-4268-bb58-0c6d89c6575c', 
'idx_mxmodelreflection$parameter_system$owner');
INSERT INTO "mendixsystem$index_column" ("index_id", 
"column_id", 
"sort_order", 
"ordinal")
 VALUES ('c21741c6-e338-3f71-aae8-f8e2689f315f', 
'd43c86e5-7fb9-3d4f-a74f-07c16e0d7cc4', 
false, 
0);
INSERT INTO "mendixsystem$association" ("id", 
"association_name", 
"table_name", 
"parent_entity_id", 
"child_entity_id", 
"parent_column_name", 
"child_column_name")
 VALUES ('1c3fa19a-24d0-3bff-b8f5-6bf4f86cb44b', 
'System.changedBy', 
'system$changedby', 
'5065a305-1d95-4268-bb58-0c6d89c6575c', 
'282e2e60-88a5-469d-84a5-ba8d9151644f', 
'id', 
'system$changedby');
INSERT INTO "mendixsystem$association" ("id", 
"association_name", 
"table_name", 
"parent_entity_id", 
"child_entity_id", 
"parent_column_name", 
"child_column_name")
 VALUES ('d43c86e5-7fb9-3d4f-a74f-07c16e0d7cc4', 
'System.owner', 
'system$owner', 
'5065a305-1d95-4268-bb58-0c6d89c6575c', 
'282e2e60-88a5-469d-84a5-ba8d9151644f', 
'id', 
'system$owner');
CREATE TABLE "mxmodelreflection$parameter_mxobjecttype" (
	"mxmodelreflection$parameterid" BIGINT NOT NULL,
	"mxmodelreflection$mxobjecttypeid" BIGINT NOT NULL,
	PRIMARY KEY("mxmodelreflection$parameterid","mxmodelreflection$mxobjecttypeid"),
	CONSTRAINT "uniq_mxmodelreflection$parameter_mxobjecttype_mxmodelreflection$parameterid" UNIQUE ("mxmodelreflection$parameterid"));
CREATE INDEX "idx_mxmodelreflection$parameter_mxobjecttype_mxmodelreflection$mxobjecttype_mxmodelreflection$parameter" ON "mxmodelreflection$parameter_mxobjecttype" ("mxmodelreflection$mxobjecttypeid" ASC,"mxmodelreflection$parameterid" ASC);
INSERT INTO "mendixsystem$association" ("id", 
"association_name", 
"table_name", 
"parent_entity_id", 
"child_entity_id", 
"parent_column_name", 
"child_column_name", 
"index_name")
 VALUES ('307a686a-172e-4a34-90d5-b21ff1b58770', 
'MxModelReflection.Parameter_MxObjectType', 
'mxmodelreflection$parameter_mxobjecttype', 
'5065a305-1d95-4268-bb58-0c6d89c6575c', 
'e560b1cf-fa41-4fb1-9a2f-cfd77c16737e', 
'mxmodelreflection$parameterid', 
'mxmodelreflection$mxobjecttypeid', 
'idx_mxmodelreflection$parameter_mxobjecttype_mxmodelreflection$mxobjecttype_mxmodelreflection$parameter');
INSERT INTO "mendixsystem$unique_constraint" ("name", 
"table_id", 
"column_id")
 VALUES ('uniq_mxmodelreflection$parameter_mxobjecttype_mxmodelreflection$parameterid', 
'307a686a-172e-4a34-90d5-b21ff1b58770', 
'e364fdfd-1fff-338a-b714-0ca90bf995ee');
CREATE TABLE "mxmodelreflection$parameter_valuetype" (
	"mxmodelreflection$parameterid" BIGINT NOT NULL,
	"mxmodelreflection$valuetypeid" BIGINT NOT NULL,
	PRIMARY KEY("mxmodelreflection$parameterid","mxmodelreflection$valuetypeid"),
	CONSTRAINT "uniq_mxmodelreflection$parameter_valuetype_mxmodelreflection$parameterid" UNIQUE ("mxmodelreflection$parameterid"));
CREATE INDEX "idx_mxmodelreflection$parameter_valuetype_mxmodelreflection$valuetype_mxmodelreflection$parameter" ON "mxmodelreflection$parameter_valuetype" ("mxmodelreflection$valuetypeid" ASC,"mxmodelreflection$parameterid" ASC);
INSERT INTO "mendixsystem$association" ("id", 
"association_name", 
"table_name", 
"parent_entity_id", 
"child_entity_id", 
"parent_column_name", 
"child_column_name", 
"index_name")
 VALUES ('291ab80f-3f5f-4af5-83d0-2e506be15447', 
'MxModelReflection.Parameter_ValueType', 
'mxmodelreflection$parameter_valuetype', 
'5065a305-1d95-4268-bb58-0c6d89c6575c', 
'c16dea89-2d7f-4d60-8716-2c6fa8176500', 
'mxmodelreflection$parameterid', 
'mxmodelreflection$valuetypeid', 
'idx_mxmodelreflection$parameter_valuetype_mxmodelreflection$valuetype_mxmodelreflection$parameter');
INSERT INTO "mendixsystem$unique_constraint" ("name", 
"table_id", 
"column_id")
 VALUES ('uniq_mxmodelreflection$parameter_valuetype_mxmodelreflection$parameterid', 
'291ab80f-3f5f-4af5-83d0-2e506be15447', 
'61f418f2-bbc4-3d50-b6f2-3c85a1634777');
CREATE TABLE "mxmodelreflection$token" (
	"id" BIGINT NOT NULL,
	"status" VARCHAR_IGNORECASE(7) NULL,
	"findreference" VARCHAR_IGNORECASE(200) NULL,
	"findobjectstart" VARCHAR_IGNORECASE(200) NULL,
	"displaypattern" VARCHAR_IGNORECASE(50) NULL,
	"description" VARCHAR_IGNORECASE(300) NULL,
	"metamodelpath" VARCHAR_IGNORECASE(1000) NULL,
	"token" VARCHAR_IGNORECASE(50) NULL,
	"prefix" VARCHAR_IGNORECASE(3) NULL,
	"findobjectreference" VARCHAR_IGNORECASE(200) NULL,
	"findmember" VARCHAR_IGNORECASE(200) NULL,
	"changeddate" TIMESTAMP NULL,
	"tokentype" VARCHAR_IGNORECASE(9) NULL,
	"suffix" VARCHAR_IGNORECASE(3) NULL,
	"findmemberreference" VARCHAR_IGNORECASE(200) NULL,
	"createddate" TIMESTAMP NULL,
	"isoptional" BOOLEAN NULL,
	"combinedtoken" VARCHAR_IGNORECASE(56) NULL,
	"system$changedby" BIGINT NULL,
	"system$owner" BIGINT NULL,
	PRIMARY KEY("id"));
CREATE INDEX "idx_mxmodelreflection$token_combinedtoken_asc" ON "mxmodelreflection$token" ("combinedtoken" ASC,"id" ASC);
CREATE INDEX "idx_mxmodelreflection$token_system$changedby" ON "mxmodelreflection$token" ("system$changedby" ASC,"id" ASC);
CREATE INDEX "idx_mxmodelreflection$token_system$owner" ON "mxmodelreflection$token" ("system$owner" ASC,"id" ASC);
INSERT INTO "mendixsystem$entity" ("id", 
"entity_name", 
"table_name", 
"remote", 
"remote_primary_key")
 VALUES ('bac681aa-adbd-40b2-a2a4-3c143270980a', 
'MxModelReflection.Token', 
'mxmodelreflection$token', 
false, 
false);
INSERT INTO "mendixsystem$attribute" ("id", 
"entity_id", 
"attribute_name", 
"column_name", 
"type", 
"length", 
"default_value", 
"is_auto_number")
 VALUES ('5074b913-bfe3-4b9c-a813-9df1bbd7115b', 
'bac681aa-adbd-40b2-a2a4-3c143270980a', 
'Status', 
'status', 
40, 
7, 
'Invalid', 
false);
INSERT INTO "mendixsystem$attribute" ("id", 
"entity_id", 
"attribute_name", 
"column_name", 
"type", 
"length", 
"default_value", 
"is_auto_number")
 VALUES ('f89c2c8c-48bc-4be2-add1-be2b782e0584', 
'bac681aa-adbd-40b2-a2a4-3c143270980a', 
'FindReference', 
'findreference', 
30, 
200, 
'', 
false);
INSERT INTO "mendixsystem$attribute" ("id", 
"entity_id", 
"attribute_name", 
"column_name", 
"type", 
"length", 
"default_value", 
"is_auto_number")
 VALUES ('e1ee82c5-7957-4a68-83b6-6e1f389b1b2a', 
'bac681aa-adbd-40b2-a2a4-3c143270980a', 
'FindObjectStart', 
'findobjectstart', 
30, 
200, 
'', 
false);
INSERT INTO "mendixsystem$attribute" ("id", 
"entity_id", 
"attribute_name", 
"column_name", 
"type", 
"length", 
"default_value", 
"is_auto_number")
 VALUES ('1aeb6740-8878-47ef-a130-ba71e0af2878', 
'bac681aa-adbd-40b2-a2a4-3c143270980a', 
'DisplayPattern', 
'displaypattern', 
30, 
50, 
'', 
false);
INSERT INTO "mendixsystem$attribute" ("id", 
"entity_id", 
"attribute_name", 
"column_name", 
"type", 
"length", 
"default_value", 
"is_auto_number")
 VALUES ('66d9a5d7-9483-447d-a8a0-e7bd8c9dff82', 
'bac681aa-adbd-40b2-a2a4-3c143270980a', 
'Description', 
'description', 
30, 
300, 
'', 
false);
INSERT INTO "mendixsystem$attribute" ("id", 
"entity_id", 
"attribute_name", 
"column_name", 
"type", 
"length", 
"default_value", 
"is_auto_number")
 VALUES ('6e3a139b-8a75-46a3-9568-e32028231c2a', 
'bac681aa-adbd-40b2-a2a4-3c143270980a', 
'MetaModelPath', 
'metamodelpath', 
30, 
1000, 
'', 
false);
INSERT INTO "mendixsystem$attribute" ("id", 
"entity_id", 
"attribute_name", 
"column_name", 
"type", 
"length", 
"default_value", 
"is_auto_number")
 VALUES ('cfaa7a1a-a94e-4f56-9252-aeada1e0b7d6', 
'bac681aa-adbd-40b2-a2a4-3c143270980a', 
'Token', 
'token', 
30, 
50, 
'', 
false);
INSERT INTO "mendixsystem$attribute" ("id", 
"entity_id", 
"attribute_name", 
"column_name", 
"type", 
"length", 
"default_value", 
"is_auto_number")
 VALUES ('d2e2b4fb-7b0c-40df-ad07-5f90c575c101', 
'bac681aa-adbd-40b2-a2a4-3c143270980a', 
'Prefix', 
'prefix', 
30, 
3, 
'{%', 
false);
INSERT INTO "mendixsystem$attribute" ("id", 
"entity_id", 
"attribute_name", 
"column_name", 
"type", 
"length", 
"default_value", 
"is_auto_number")
 VALUES ('38ad2e4a-b7ce-4143-90ae-7b2d571c378c', 
'bac681aa-adbd-40b2-a2a4-3c143270980a', 
'FindObjectReference', 
'findobjectreference', 
30, 
200, 
'', 
false);
INSERT INTO "mendixsystem$attribute" ("id", 
"entity_id", 
"attribute_name", 
"column_name", 
"type", 
"length", 
"default_value", 
"is_auto_number")
 VALUES ('1516070f-2409-49c5-92d0-62655831f873', 
'bac681aa-adbd-40b2-a2a4-3c143270980a', 
'FindMember', 
'findmember', 
30, 
200, 
'', 
false);
INSERT INTO "mendixsystem$attribute" ("id", 
"entity_id", 
"attribute_name", 
"column_name", 
"type", 
"length", 
"default_value", 
"is_auto_number")
 VALUES ('408f4e7b-6233-305b-85d7-d2c4c5100c35', 
'bac681aa-adbd-40b2-a2a4-3c143270980a', 
'changedDate', 
'changeddate', 
20, 
0, 
'', 
false);
INSERT INTO "mendixsystem$attribute" ("id", 
"entity_id", 
"attribute_name", 
"column_name", 
"type", 
"length", 
"default_value", 
"is_auto_number")
 VALUES ('7dee2919-eef9-4abc-9acc-4605d9a4d8ea', 
'bac681aa-adbd-40b2-a2a4-3c143270980a', 
'TokenType', 
'tokentype', 
40, 
9, 
'', 
false);
INSERT INTO "mendixsystem$attribute" ("id", 
"entity_id", 
"attribute_name", 
"column_name", 
"type", 
"length", 
"default_value", 
"is_auto_number")
 VALUES ('5d66fdb4-26e4-4110-b8e4-1ec7c46c6abd', 
'bac681aa-adbd-40b2-a2a4-3c143270980a', 
'Suffix', 
'suffix', 
30, 
3, 
'%}', 
false);
INSERT INTO "mendixsystem$attribute" ("id", 
"entity_id", 
"attribute_name", 
"column_name", 
"type", 
"length", 
"default_value", 
"is_auto_number")
 VALUES ('d23ac102-6e54-4d69-aeb5-f7645b727633', 
'bac681aa-adbd-40b2-a2a4-3c143270980a', 
'FindMemberReference', 
'findmemberreference', 
30, 
200, 
'', 
false);
INSERT INTO "mendixsystem$attribute" ("id", 
"entity_id", 
"attribute_name", 
"column_name", 
"type", 
"length", 
"default_value", 
"is_auto_number")
 VALUES ('17f54153-7bfe-33d7-9ec5-cd128e0a5947', 
'bac681aa-adbd-40b2-a2a4-3c143270980a', 
'createdDate', 
'createddate', 
20, 
0, 
'', 
false);
INSERT INTO "mendixsystem$attribute" ("id", 
"entity_id", 
"attribute_name", 
"column_name", 
"type", 
"length", 
"default_value", 
"is_auto_number")
 VALUES ('e6c62b9b-96f2-488f-b213-cff944eac023', 
'bac681aa-adbd-40b2-a2a4-3c143270980a', 
'IsOptional', 
'isoptional', 
10, 
0, 
'false', 
false);
INSERT INTO "mendixsystem$attribute" ("id", 
"entity_id", 
"attribute_name", 
"column_name", 
"type", 
"length", 
"default_value", 
"is_auto_number")
 VALUES ('fa8f1d33-cb8b-4803-bafd-3d288cfecdf2', 
'bac681aa-adbd-40b2-a2a4-3c143270980a', 
'CombinedToken', 
'combinedtoken', 
30, 
56, 
'', 
false);
INSERT INTO "mendixsystem$index" ("id", 
"table_id", 
"index_name")
 VALUES ('a88cb884-372a-4fb7-8656-c3790f48609a', 
'bac681aa-adbd-40b2-a2a4-3c143270980a', 
'idx_mxmodelreflection$token_combinedtoken_asc');
INSERT INTO "mendixsystem$index_column" ("index_id", 
"column_id", 
"sort_order", 
"ordinal")
 VALUES ('a88cb884-372a-4fb7-8656-c3790f48609a', 
'fa8f1d33-cb8b-4803-bafd-3d288cfecdf2', 
false, 
0);
INSERT INTO "mendixsystem$index" ("id", 
"table_id", 
"index_name")
 VALUES ('16bf39bf-1305-3847-8db2-a3771fa35a59', 
'bac681aa-adbd-40b2-a2a4-3c143270980a', 
'idx_mxmodelreflection$token_system$changedby');
INSERT INTO "mendixsystem$index_column" ("index_id", 
"column_id", 
"sort_order", 
"ordinal")
 VALUES ('16bf39bf-1305-3847-8db2-a3771fa35a59', 
'36133dc8-24ce-3722-92ec-4e07b7aeb564', 
false, 
0);
INSERT INTO "mendixsystem$index" ("id", 
"table_id", 
"index_name")
 VALUES ('e0594aef-e588-3125-8647-35e5f42cf1b0', 
'bac681aa-adbd-40b2-a2a4-3c143270980a', 
'idx_mxmodelreflection$token_system$owner');
INSERT INTO "mendixsystem$index_column" ("index_id", 
"column_id", 
"sort_order", 
"ordinal")
 VALUES ('e0594aef-e588-3125-8647-35e5f42cf1b0', 
'010d1fa4-8689-3fe6-b630-b84e4df4cc2a', 
false, 
0);
INSERT INTO "mendixsystem$association" ("id", 
"association_name", 
"table_name", 
"parent_entity_id", 
"child_entity_id", 
"parent_column_name", 
"child_column_name")
 VALUES ('36133dc8-24ce-3722-92ec-4e07b7aeb564', 
'System.changedBy', 
'system$changedby', 
'bac681aa-adbd-40b2-a2a4-3c143270980a', 
'282e2e60-88a5-469d-84a5-ba8d9151644f', 
'id', 
'system$changedby');
INSERT INTO "mendixsystem$association" ("id", 
"association_name", 
"table_name", 
"parent_entity_id", 
"child_entity_id", 
"parent_column_name", 
"child_column_name")
 VALUES ('010d1fa4-8689-3fe6-b630-b84e4df4cc2a', 
'System.owner', 
'system$owner', 
'bac681aa-adbd-40b2-a2a4-3c143270980a', 
'282e2e60-88a5-469d-84a5-ba8d9151644f', 
'id', 
'system$owner');
CREATE TABLE "mxmodelreflection$token_mxobjecttype_start" (
	"mxmodelreflection$tokenid" BIGINT NOT NULL,
	"mxmodelreflection$mxobjecttypeid" BIGINT NOT NULL,
	PRIMARY KEY("mxmodelreflection$tokenid","mxmodelreflection$mxobjecttypeid"),
	CONSTRAINT "uniq_mxmodelreflection$token_mxobjecttype_start_mxmodelreflection$tokenid" UNIQUE ("mxmodelreflection$tokenid"));
CREATE INDEX "idx_mxmodelreflection$token_mxobjecttype_start_mxmodelreflection$mxobjecttype_mxmodelreflection$token" ON "mxmodelreflection$token_mxobjecttype_start" ("mxmodelreflection$mxobjecttypeid" ASC,"mxmodelreflection$tokenid" ASC);
INSERT INTO "mendixsystem$association" ("id", 
"association_name", 
"table_name", 
"parent_entity_id", 
"child_entity_id", 
"parent_column_name", 
"child_column_name", 
"index_name")
 VALUES ('49dfc6ee-30f7-4fe7-bca9-5646d39be2a0', 
'MxModelReflection.Token_MxObjectType_Start', 
'mxmodelreflection$token_mxobjecttype_start', 
'bac681aa-adbd-40b2-a2a4-3c143270980a', 
'e560b1cf-fa41-4fb1-9a2f-cfd77c16737e', 
'mxmodelreflection$tokenid', 
'mxmodelreflection$mxobjecttypeid', 
'idx_mxmodelreflection$token_mxobjecttype_start_mxmodelreflection$mxobjecttype_mxmodelreflection$token');
INSERT INTO "mendixsystem$unique_constraint" ("name", 
"table_id", 
"column_id")
 VALUES ('uniq_mxmodelreflection$token_mxobjecttype_start_mxmodelreflection$tokenid', 
'49dfc6ee-30f7-4fe7-bca9-5646d39be2a0', 
'8e57677d-860c-3c52-aa8d-ff5788187892');
CREATE TABLE "mxmodelreflection$token_mxobjectreference" (
	"mxmodelreflection$tokenid" BIGINT NOT NULL,
	"mxmodelreflection$mxobjectreferenceid" BIGINT NOT NULL,
	PRIMARY KEY("mxmodelreflection$tokenid","mxmodelreflection$mxobjectreferenceid"),
	CONSTRAINT "uniq_mxmodelreflection$token_mxobjectreference_mxmodelreflection$tokenid" UNIQUE ("mxmodelreflection$tokenid"));
CREATE INDEX "idx_mxmodelreflection$token_mxobjectreference_mxmodelreflection$mxobjectreference_mxmodelreflection$token" ON "mxmodelreflection$token_mxobjectreference" ("mxmodelreflection$mxobjectreferenceid" ASC,"mxmodelreflection$tokenid" ASC);
INSERT INTO "mendixsystem$association" ("id", 
"association_name", 
"table_name", 
"parent_entity_id", 
"child_entity_id", 
"parent_column_name", 
"child_column_name", 
"index_name")
 VALUES ('52758dcd-ba0e-4b03-bf64-f5ac708823f5', 
'MxModelReflection.Token_MxObjectReference', 
'mxmodelreflection$token_mxobjectreference', 
'bac681aa-adbd-40b2-a2a4-3c143270980a', 
'e621bdc4-02d0-4cf1-82b3-014db5b514d1', 
'mxmodelreflection$tokenid', 
'mxmodelreflection$mxobjectreferenceid', 
'idx_mxmodelreflection$token_mxobjectreference_mxmodelreflection$mxobjectreference_mxmodelreflection$token');
INSERT INTO "mendixsystem$unique_constraint" ("name", 
"table_id", 
"column_id")
 VALUES ('uniq_mxmodelreflection$token_mxobjectreference_mxmodelreflection$tokenid', 
'52758dcd-ba0e-4b03-bf64-f5ac708823f5', 
'ac566f1e-961f-32d2-a258-8c2cf4903726');
CREATE TABLE "mxmodelreflection$token_mxobjecttype_referenced" (
	"mxmodelreflection$tokenid" BIGINT NOT NULL,
	"mxmodelreflection$mxobjecttypeid" BIGINT NOT NULL,
	PRIMARY KEY("mxmodelreflection$tokenid","mxmodelreflection$mxobjecttypeid"),
	CONSTRAINT "uniq_mxmodelreflection$token_mxobjecttype_referenced_mxmodelreflection$tokenid" UNIQUE ("mxmodelreflection$tokenid"));
CREATE INDEX "idx_mxmodelreflection$token_mxobjecttype_referenced_mxmodelreflection$mxobjecttype_mxmodelreflection$token" ON "mxmodelreflection$token_mxobjecttype_referenced" ("mxmodelreflection$mxobjecttypeid" ASC,"mxmodelreflection$tokenid" ASC);
INSERT INTO "mendixsystem$association" ("id", 
"association_name", 
"table_name", 
"parent_entity_id", 
"child_entity_id", 
"parent_column_name", 
"child_column_name", 
"index_name")
 VALUES ('72025652-0e92-4299-ad8a-c0582aa6f5e2', 
'MxModelReflection.Token_MxObjectType_Referenced', 
'mxmodelreflection$token_mxobjecttype_referenced', 
'bac681aa-adbd-40b2-a2a4-3c143270980a', 
'e560b1cf-fa41-4fb1-9a2f-cfd77c16737e', 
'mxmodelreflection$tokenid', 
'mxmodelreflection$mxobjecttypeid', 
'idx_mxmodelreflection$token_mxobjecttype_referenced_mxmodelreflection$mxobjecttype_mxmodelreflection$token');
INSERT INTO "mendixsystem$unique_constraint" ("name", 
"table_id", 
"column_id")
 VALUES ('uniq_mxmodelreflection$token_mxobjecttype_referenced_mxmodelreflection$tokenid', 
'72025652-0e92-4299-ad8a-c0582aa6f5e2', 
'a07641f6-4ca4-321a-a924-bfa1b95c1759');
CREATE TABLE "mxmodelreflection$token_mxobjectmember" (
	"mxmodelreflection$tokenid" BIGINT NOT NULL,
	"mxmodelreflection$mxobjectmemberid" BIGINT NOT NULL,
	PRIMARY KEY("mxmodelreflection$tokenid","mxmodelreflection$mxobjectmemberid"),
	CONSTRAINT "uniq_mxmodelreflection$token_mxobjectmember_mxmodelreflection$tokenid" UNIQUE ("mxmodelreflection$tokenid"));
CREATE INDEX "idx_mxmodelreflection$token_mxobjectmember_mxmodelreflection$mxobjectmember_mxmodelreflection$token" ON "mxmodelreflection$token_mxobjectmember" ("mxmodelreflection$mxobjectmemberid" ASC,"mxmodelreflection$tokenid" ASC);
INSERT INTO "mendixsystem$association" ("id", 
"association_name", 
"table_name", 
"parent_entity_id", 
"child_entity_id", 
"parent_column_name", 
"child_column_name", 
"index_name")
 VALUES ('2bc59f98-fa56-44a5-ba65-3c04ca1934d8', 
'MxModelReflection.Token_MxObjectMember', 
'mxmodelreflection$token_mxobjectmember', 
'bac681aa-adbd-40b2-a2a4-3c143270980a', 
'7cd802fc-7e11-4ba1-ad0f-baefb72f7a21', 
'mxmodelreflection$tokenid', 
'mxmodelreflection$mxobjectmemberid', 
'idx_mxmodelreflection$token_mxobjectmember_mxmodelreflection$mxobjectmember_mxmodelreflection$token');
INSERT INTO "mendixsystem$unique_constraint" ("name", 
"table_id", 
"column_id")
 VALUES ('uniq_mxmodelreflection$token_mxobjectmember_mxmodelreflection$tokenid', 
'2bc59f98-fa56-44a5-ba65-3c04ca1934d8', 
'f1a02a23-8f8c-3b4d-9d2b-69afbd63de77');
CREATE TABLE "xlsreport$mxdata" (
	"id" BIGINT NOT NULL,
	"status" VARCHAR_IGNORECASE(3) NULL,
	"changeddate" TIMESTAMP NULL,
	"createddate" TIMESTAMP NULL,
	"name" VARCHAR_IGNORECASE(200) NULL,
	"submetaobjectname" VARCHAR_IGNORECASE(255) NULL,
	"system$changedby" BIGINT NULL,
	"system$owner" BIGINT NULL,
	PRIMARY KEY("id"));
CREATE INDEX "idx_xlsreport$mxdata_submetaobjectname_asc" ON "xlsreport$mxdata" ("submetaobjectname" ASC,"id" ASC);
CREATE INDEX "idx_xlsreport$mxdata_system$changedby" ON "xlsreport$mxdata" ("system$changedby" ASC,"id" ASC);
CREATE INDEX "idx_xlsreport$mxdata_system$owner" ON "xlsreport$mxdata" ("system$owner" ASC,"id" ASC);
INSERT INTO "mendixsystem$entity" ("id", 
"entity_name", 
"table_name", 
"remote", 
"remote_primary_key")
 VALUES ('b234d4ce-c7cb-47e5-8549-191a11436283', 
'XLSReport.MxData', 
'xlsreport$mxdata', 
false, 
false);
INSERT INTO "mendixsystem$attribute" ("id", 
"entity_id", 
"attribute_name", 
"column_name", 
"type", 
"length", 
"default_value", 
"is_auto_number")
 VALUES ('1a294365-8e81-481d-a6f3-853e480a37f2', 
'b234d4ce-c7cb-47e5-8549-191a11436283', 
'Status', 
'status', 
40, 
3, 
'No', 
false);
INSERT INTO "mendixsystem$attribute" ("id", 
"entity_id", 
"attribute_name", 
"column_name", 
"type", 
"length", 
"default_value", 
"is_auto_number")
 VALUES ('29d554bd-5184-3fe3-a1df-fa1a65672658', 
'b234d4ce-c7cb-47e5-8549-191a11436283', 
'changedDate', 
'changeddate', 
20, 
0, 
'', 
false);
INSERT INTO "mendixsystem$attribute" ("id", 
"entity_id", 
"attribute_name", 
"column_name", 
"type", 
"length", 
"default_value", 
"is_auto_number")
 VALUES ('4bda2bb4-d07b-32a0-bb09-e04a6e4e184a', 
'b234d4ce-c7cb-47e5-8549-191a11436283', 
'createdDate', 
'createddate', 
20, 
0, 
'', 
false);
INSERT INTO "mendixsystem$attribute" ("id", 
"entity_id", 
"attribute_name", 
"column_name", 
"type", 
"length", 
"default_value", 
"is_auto_number")
 VALUES ('d9eca191-0b92-4061-8d67-f5293c4465dd', 
'b234d4ce-c7cb-47e5-8549-191a11436283', 
'Name', 
'name', 
30, 
200, 
'', 
false);
INSERT INTO "mendixsystem$attribute" ("id", 
"entity_id", 
"attribute_name", 
"column_name", 
"type", 
"length", 
"default_value", 
"is_auto_number")
 VALUES ('1d80d10b-d701-308c-ac8e-c79512fad179', 
'b234d4ce-c7cb-47e5-8549-191a11436283', 
'submetaobjectname', 
'submetaobjectname', 
30, 
255, 
'XLSReport.MxData', 
false);
INSERT INTO "mendixsystem$index" ("id", 
"table_id", 
"index_name")
 VALUES ('602b526e-52aa-3385-8373-0b2d48c09b1e', 
'b234d4ce-c7cb-47e5-8549-191a11436283', 
'idx_xlsreport$mxdata_submetaobjectname_asc');
INSERT INTO "mendixsystem$index_column" ("index_id", 
"column_id", 
"sort_order", 
"ordinal")
 VALUES ('602b526e-52aa-3385-8373-0b2d48c09b1e', 
'1d80d10b-d701-308c-ac8e-c79512fad179', 
false, 
0);
INSERT INTO "mendixsystem$index" ("id", 
"table_id", 
"index_name")
 VALUES ('ed698838-7786-3e23-a157-c40990b3bf1e', 
'b234d4ce-c7cb-47e5-8549-191a11436283', 
'idx_xlsreport$mxdata_system$changedby');
INSERT INTO "mendixsystem$index_column" ("index_id", 
"column_id", 
"sort_order", 
"ordinal")
 VALUES ('ed698838-7786-3e23-a157-c40990b3bf1e', 
'7a4c7cb3-546b-31ff-b852-dbc581c1501f', 
false, 
0);
INSERT INTO "mendixsystem$index" ("id", 
"table_id", 
"index_name")
 VALUES ('6595fa99-38f7-3746-8383-d7eec6839c40', 
'b234d4ce-c7cb-47e5-8549-191a11436283', 
'idx_xlsreport$mxdata_system$owner');
INSERT INTO "mendixsystem$index_column" ("index_id", 
"column_id", 
"sort_order", 
"ordinal")
 VALUES ('6595fa99-38f7-3746-8383-d7eec6839c40', 
'4e2081b9-aca2-3d37-803a-27e657e983c2', 
false, 
0);
INSERT INTO "mendixsystem$association" ("id", 
"association_name", 
"table_name", 
"parent_entity_id", 
"child_entity_id", 
"parent_column_name", 
"child_column_name")
 VALUES ('7a4c7cb3-546b-31ff-b852-dbc581c1501f', 
'System.changedBy', 
'system$changedby', 
'b234d4ce-c7cb-47e5-8549-191a11436283', 
'282e2e60-88a5-469d-84a5-ba8d9151644f', 
'id', 
'system$changedby');
INSERT INTO "mendixsystem$association" ("id", 
"association_name", 
"table_name", 
"parent_entity_id", 
"child_entity_id", 
"parent_column_name", 
"child_column_name")
 VALUES ('4e2081b9-aca2-3d37-803a-27e657e983c2', 
'System.owner', 
'system$owner', 
'b234d4ce-c7cb-47e5-8549-191a11436283', 
'282e2e60-88a5-469d-84a5-ba8d9151644f', 
'id', 
'system$owner');
CREATE TABLE "xlsreport$mxdata_mxsheet" (
	"xlsreport$mxdataid" BIGINT NOT NULL,
	"xlsreport$mxsheetid" BIGINT NOT NULL,
	PRIMARY KEY("xlsreport$mxdataid","xlsreport$mxsheetid"),
	CONSTRAINT "uniq_xlsreport$mxdata_mxsheet_xlsreport$mxdataid" UNIQUE ("xlsreport$mxdataid"));
CREATE INDEX "idx_xlsreport$mxdata_mxsheet_xlsreport$mxsheet_xlsreport$mxdata" ON "xlsreport$mxdata_mxsheet" ("xlsreport$mxsheetid" ASC,"xlsreport$mxdataid" ASC);
INSERT INTO "mendixsystem$association" ("id", 
"association_name", 
"table_name", 
"parent_entity_id", 
"child_entity_id", 
"parent_column_name", 
"child_column_name", 
"index_name")
 VALUES ('907b1818-5ef0-4640-ac03-b973953d4b33', 
'XLSReport.MxData_MxSheet', 
'xlsreport$mxdata_mxsheet', 
'b234d4ce-c7cb-47e5-8549-191a11436283', 
'26baa3bd-fd4c-421b-8ab3-b060d6e832f2', 
'xlsreport$mxdataid', 
'xlsreport$mxsheetid', 
'idx_xlsreport$mxdata_mxsheet_xlsreport$mxsheet_xlsreport$mxdata');
INSERT INTO "mendixsystem$unique_constraint" ("name", 
"table_id", 
"column_id")
 VALUES ('uniq_xlsreport$mxdata_mxsheet_xlsreport$mxdataid', 
'907b1818-5ef0-4640-ac03-b973953d4b33', 
'14f1b3fb-454b-390e-9ebb-ea6029837814');
CREATE TABLE "xlsreport$mxdata_mxcellstyle" (
	"xlsreport$mxdataid" BIGINT NOT NULL,
	"xlsreport$mxcellstyleid" BIGINT NOT NULL,
	PRIMARY KEY("xlsreport$mxdataid","xlsreport$mxcellstyleid"),
	CONSTRAINT "uniq_xlsreport$mxdata_mxcellstyle_xlsreport$mxdataid" UNIQUE ("xlsreport$mxdataid"));
CREATE INDEX "idx_xlsreport$mxdata_mxcellstyle_xlsreport$mxcellstyle_xlsreport$mxdata" ON "xlsreport$mxdata_mxcellstyle" ("xlsreport$mxcellstyleid" ASC,"xlsreport$mxdataid" ASC);
INSERT INTO "mendixsystem$association" ("id", 
"association_name", 
"table_name", 
"parent_entity_id", 
"child_entity_id", 
"parent_column_name", 
"child_column_name", 
"index_name")
 VALUES ('88759a74-c4a0-4fcf-a795-3342b189567e', 
'XLSReport.MxData_MxCellStyle', 
'xlsreport$mxdata_mxcellstyle', 
'b234d4ce-c7cb-47e5-8549-191a11436283', 
'fabcc2c3-f8eb-4c28-88a9-173c1923a458', 
'xlsreport$mxdataid', 
'xlsreport$mxcellstyleid', 
'idx_xlsreport$mxdata_mxcellstyle_xlsreport$mxcellstyle_xlsreport$mxdata');
INSERT INTO "mendixsystem$unique_constraint" ("name", 
"table_id", 
"column_id")
 VALUES ('uniq_xlsreport$mxdata_mxcellstyle_xlsreport$mxdataid', 
'88759a74-c4a0-4fcf-a795-3342b189567e', 
'2d52c562-4c65-37e9-9ced-9ae1789a5bdc');
CREATE TABLE "mxmodelreflection$mxobjectenumcaptions" (
	"id" BIGINT NOT NULL,
	"languagecode" VARCHAR_IGNORECASE(8) NULL,
	"changeddate" TIMESTAMP NULL,
	"createddate" TIMESTAMP NULL,
	"languagename" VARCHAR_IGNORECASE(200) NULL,
	"caption" VARCHAR_IGNORECASE(200) NULL,
	"system$owner" BIGINT NULL,
	"system$changedby" BIGINT NULL,
	PRIMARY KEY("id"));
CREATE INDEX "idx_mxmodelreflection$mxobjectenumcaptions_system$owner" ON "mxmodelreflection$mxobjectenumcaptions" ("system$owner" ASC,"id" ASC);
CREATE INDEX "idx_mxmodelreflection$mxobjectenumcaptions_system$changedby" ON "mxmodelreflection$mxobjectenumcaptions" ("system$changedby" ASC,"id" ASC);
INSERT INTO "mendixsystem$entity" ("id", 
"entity_name", 
"table_name", 
"remote", 
"remote_primary_key")
 VALUES ('c3a1e442-fb91-4f1c-9918-c0dc4ffabfbc', 
'MxModelReflection.MxObjectEnumCaptions', 
'mxmodelreflection$mxobjectenumcaptions', 
false, 
false);
INSERT INTO "mendixsystem$attribute" ("id", 
"entity_id", 
"attribute_name", 
"column_name", 
"type", 
"length", 
"default_value", 
"is_auto_number")
 VALUES ('7455e20d-00e9-4625-a99f-70e9adb28ab7', 
'c3a1e442-fb91-4f1c-9918-c0dc4ffabfbc', 
'LanguageCode', 
'languagecode', 
30, 
8, 
'', 
false);
INSERT INTO "mendixsystem$attribute" ("id", 
"entity_id", 
"attribute_name", 
"column_name", 
"type", 
"length", 
"default_value", 
"is_auto_number")
 VALUES ('3e115c90-bdbc-32dc-aa68-bd62fa4dad0e', 
'c3a1e442-fb91-4f1c-9918-c0dc4ffabfbc', 
'changedDate', 
'changeddate', 
20, 
0, 
'', 
false);
INSERT INTO "mendixsystem$attribute" ("id", 
"entity_id", 
"attribute_name", 
"column_name", 
"type", 
"length", 
"default_value", 
"is_auto_number")
 VALUES ('b62dca3e-ebe5-35db-8e05-ddea28a85235', 
'c3a1e442-fb91-4f1c-9918-c0dc4ffabfbc', 
'createdDate', 
'createddate', 
20, 
0, 
'', 
false);
INSERT INTO "mendixsystem$attribute" ("id", 
"entity_id", 
"attribute_name", 
"column_name", 
"type", 
"length", 
"default_value", 
"is_auto_number")
 VALUES ('c0613143-d12a-4902-917f-7cfca0603987', 
'c3a1e442-fb91-4f1c-9918-c0dc4ffabfbc', 
'LanguageName', 
'languagename', 
30, 
200, 
'', 
false);
INSERT INTO "mendixsystem$attribute" ("id", 
"entity_id", 
"attribute_name", 
"column_name", 
"type", 
"length", 
"default_value", 
"is_auto_number")
 VALUES ('79522422-2ec7-4269-85e3-05d75310c59f', 
'c3a1e442-fb91-4f1c-9918-c0dc4ffabfbc', 
'Caption', 
'caption', 
30, 
200, 
'', 
false);
INSERT INTO "mendixsystem$index" ("id", 
"table_id", 
"index_name")
 VALUES ('a5e682fa-bb13-35cb-99d3-3ea92495da67', 
'c3a1e442-fb91-4f1c-9918-c0dc4ffabfbc', 
'idx_mxmodelreflection$mxobjectenumcaptions_system$owner');
INSERT INTO "mendixsystem$index_column" ("index_id", 
"column_id", 
"sort_order", 
"ordinal")
 VALUES ('a5e682fa-bb13-35cb-99d3-3ea92495da67', 
'7f13cb3d-f692-30a5-adee-f82c84eefd87', 
false, 
0);
INSERT INTO "mendixsystem$index" ("id", 
"table_id", 
"index_name")
 VALUES ('295dd2ed-e317-3a2c-8d5a-726517c7c1b7', 
'c3a1e442-fb91-4f1c-9918-c0dc4ffabfbc', 
'idx_mxmodelreflection$mxobjectenumcaptions_system$changedby');
INSERT INTO "mendixsystem$index_column" ("index_id", 
"column_id", 
"sort_order", 
"ordinal")
 VALUES ('295dd2ed-e317-3a2c-8d5a-726517c7c1b7', 
'b9f4f86a-c45c-3fe4-a3d4-144e63f6ac22', 
false, 
0);
INSERT INTO "mendixsystem$association" ("id", 
"association_name", 
"table_name", 
"parent_entity_id", 
"child_entity_id", 
"parent_column_name", 
"child_column_name")
 VALUES ('7f13cb3d-f692-30a5-adee-f82c84eefd87', 
'System.owner', 
'system$owner', 
'c3a1e442-fb91-4f1c-9918-c0dc4ffabfbc', 
'282e2e60-88a5-469d-84a5-ba8d9151644f', 
'id', 
'system$owner');
INSERT INTO "mendixsystem$association" ("id", 
"association_name", 
"table_name", 
"parent_entity_id", 
"child_entity_id", 
"parent_column_name", 
"child_column_name")
 VALUES ('b9f4f86a-c45c-3fe4-a3d4-144e63f6ac22', 
'System.changedBy', 
'system$changedby', 
'c3a1e442-fb91-4f1c-9918-c0dc4ffabfbc', 
'282e2e60-88a5-469d-84a5-ba8d9151644f', 
'id', 
'system$changedby');
CREATE TABLE "mxmodelreflection$module" (
	"id" BIGINT NOT NULL,
	"synchronizeobjectswithinmodule" BOOLEAN NULL,
	"modulename" VARCHAR_IGNORECASE(200) NULL,
	PRIMARY KEY("id"));
INSERT INTO "mendixsystem$entity" ("id", 
"entity_name", 
"table_name", 
"remote", 
"remote_primary_key")
 VALUES ('e7645cff-34e2-4529-86d0-22da758b4717', 
'MxModelReflection.Module', 
'mxmodelreflection$module', 
false, 
false);
INSERT INTO "mendixsystem$attribute" ("id", 
"entity_id", 
"attribute_name", 
"column_name", 
"type", 
"length", 
"default_value", 
"is_auto_number")
 VALUES ('c22d56f9-755f-413c-9297-a341b1c78723', 
'e7645cff-34e2-4529-86d0-22da758b4717', 
'SynchronizeObjectsWithinModule', 
'synchronizeobjectswithinmodule', 
10, 
0, 
'false', 
false);
INSERT INTO "mendixsystem$attribute" ("id", 
"entity_id", 
"attribute_name", 
"column_name", 
"type", 
"length", 
"default_value", 
"is_auto_number")
 VALUES ('29e4c92a-6beb-42b6-b2db-a8ace18f28b8', 
'e7645cff-34e2-4529-86d0-22da758b4717', 
'ModuleName', 
'modulename', 
30, 
200, 
'', 
false);
CREATE TABLE "xlsreport$mxstatic" (
	"id" BIGINT NOT NULL,
	"columnplace" INT NULL,
	"rowplace" INT NULL,
	"statictype" VARCHAR_IGNORECASE(12) NULL,
	"aggregatefunction" VARCHAR_IGNORECASE(7) NULL,
	PRIMARY KEY("id"));
INSERT INTO "mendixsystem$entity" ("id", 
"entity_name", 
"table_name", 
"superentity_id", 
"remote", 
"remote_primary_key")
 VALUES ('064aecd1-7e75-4a15-924a-31a0879979a3', 
'XLSReport.MxStatic', 
'xlsreport$mxstatic', 
'b234d4ce-c7cb-47e5-8549-191a11436283', 
false, 
false);
INSERT INTO "mendixsystem$attribute" ("id", 
"entity_id", 
"attribute_name", 
"column_name", 
"type", 
"length", 
"default_value", 
"is_auto_number")
 VALUES ('b0b131e6-9faa-40c5-9c55-cc330225eb92', 
'064aecd1-7e75-4a15-924a-31a0879979a3', 
'ColumnPlace', 
'columnplace', 
3, 
0, 
'0', 
false);
INSERT INTO "mendixsystem$attribute" ("id", 
"entity_id", 
"attribute_name", 
"column_name", 
"type", 
"length", 
"default_value", 
"is_auto_number")
 VALUES ('36b98f59-486a-43c8-9bee-aca391df291a', 
'064aecd1-7e75-4a15-924a-31a0879979a3', 
'RowPlace', 
'rowplace', 
3, 
0, 
'0', 
false);
INSERT INTO "mendixsystem$attribute" ("id", 
"entity_id", 
"attribute_name", 
"column_name", 
"type", 
"length", 
"default_value", 
"is_auto_number")
 VALUES ('a58302b4-f0d6-4c38-832e-903383ca2f4a', 
'064aecd1-7e75-4a15-924a-31a0879979a3', 
'StaticType', 
'statictype', 
40, 
12, 
'', 
false);
INSERT INTO "mendixsystem$attribute" ("id", 
"entity_id", 
"attribute_name", 
"column_name", 
"type", 
"length", 
"default_value", 
"is_auto_number")
 VALUES ('4fd4141c-b0bc-4411-9f90-0f4ddbe9ce46', 
'064aecd1-7e75-4a15-924a-31a0879979a3', 
'AggregateFunction', 
'aggregatefunction', 
40, 
7, 
'', 
false);
CREATE TABLE "xlsreport$mxstatic_mxcolumn" (
	"xlsreport$mxstaticid" BIGINT NOT NULL,
	"xlsreport$mxcolumnid" BIGINT NOT NULL,
	PRIMARY KEY("xlsreport$mxstaticid","xlsreport$mxcolumnid"),
	CONSTRAINT "uniq_xlsreport$mxstatic_mxcolumn_xlsreport$mxstaticid" UNIQUE ("xlsreport$mxstaticid"));
CREATE INDEX "idx_xlsreport$mxstatic_mxcolumn_xlsreport$mxcolumn_xlsreport$mxstatic" ON "xlsreport$mxstatic_mxcolumn" ("xlsreport$mxcolumnid" ASC,"xlsreport$mxstaticid" ASC);
INSERT INTO "mendixsystem$association" ("id", 
"association_name", 
"table_name", 
"parent_entity_id", 
"child_entity_id", 
"parent_column_name", 
"child_column_name", 
"index_name")
 VALUES ('bd4d0430-a065-42e4-9c21-8d517a4cc4aa', 
'XLSReport.MxStatic_MxColumn', 
'xlsreport$mxstatic_mxcolumn', 
'064aecd1-7e75-4a15-924a-31a0879979a3', 
'c5a6b345-25a8-40d0-ba13-e856b991d432', 
'xlsreport$mxstaticid', 
'xlsreport$mxcolumnid', 
'idx_xlsreport$mxstatic_mxcolumn_xlsreport$mxcolumn_xlsreport$mxstatic');
INSERT INTO "mendixsystem$unique_constraint" ("name", 
"table_id", 
"column_id")
 VALUES ('uniq_xlsreport$mxstatic_mxcolumn_xlsreport$mxstaticid', 
'bd4d0430-a065-42e4-9c21-8d517a4cc4aa', 
'fce5a994-49bf-3b2c-b388-7b1f550188e5');
CREATE TABLE "xlsreport$mxstatic_mxobjectmember" (
	"xlsreport$mxstaticid" BIGINT NOT NULL,
	"mxmodelreflection$mxobjectmemberid" BIGINT NOT NULL,
	PRIMARY KEY("xlsreport$mxstaticid","mxmodelreflection$mxobjectmemberid"),
	CONSTRAINT "uniq_xlsreport$mxstatic_mxobjectmember_xlsreport$mxstaticid" UNIQUE ("xlsreport$mxstaticid"));
CREATE INDEX "idx_xlsreport$mxstatic_mxobjectmember_mxmodelreflection$mxobjectmember_xlsreport$mxstatic" ON "xlsreport$mxstatic_mxobjectmember" ("mxmodelreflection$mxobjectmemberid" ASC,"xlsreport$mxstaticid" ASC);
INSERT INTO "mendixsystem$association" ("id", 
"association_name", 
"table_name", 
"parent_entity_id", 
"child_entity_id", 
"parent_column_name", 
"child_column_name", 
"index_name")
 VALUES ('d90f5937-a864-4c63-8b64-8ca6ba33fda2', 
'XLSReport.MxStatic_MxObjectMember', 
'xlsreport$mxstatic_mxobjectmember', 
'064aecd1-7e75-4a15-924a-31a0879979a3', 
'7cd802fc-7e11-4ba1-ad0f-baefb72f7a21', 
'xlsreport$mxstaticid', 
'mxmodelreflection$mxobjectmemberid', 
'idx_xlsreport$mxstatic_mxobjectmember_mxmodelreflection$mxobjectmember_xlsreport$mxstatic');
INSERT INTO "mendixsystem$unique_constraint" ("name", 
"table_id", 
"column_id")
 VALUES ('uniq_xlsreport$mxstatic_mxobjectmember_xlsreport$mxstaticid', 
'd90f5937-a864-4c63-8b64-8ca6ba33fda2', 
'3a142c0f-a620-3c36-9617-e46181037c03');
CREATE TABLE "myfirstmodule$userdoc" (
	"id" BIGINT NOT NULL,
	PRIMARY KEY("id"));
INSERT INTO "mendixsystem$entity" ("id", 
"entity_name", 
"table_name", 
"superentity_id", 
"remote", 
"remote_primary_key")
 VALUES ('84f75a4a-bf86-4fb0-add2-df702e2f9339', 
'MyFirstModule.UserDoc', 
'myfirstmodule$userdoc', 
'170ce49d-f29c-4fac-99a6-b55e8a3aeb39', 
false, 
false);
CREATE TABLE "xlsreport$mxreferencehandling" (
	"id" BIGINT NOT NULL,
	"reference" VARCHAR_IGNORECASE(200) NULL,
	"jointype" VARCHAR_IGNORECASE(5) NULL,
	PRIMARY KEY("id"));
CREATE INDEX "idx_xlsreport$mxreferencehandling_reference_asc" ON "xlsreport$mxreferencehandling" ("reference" ASC,"id" ASC);
INSERT INTO "mendixsystem$entity" ("id", 
"entity_name", 
"table_name", 
"remote", 
"remote_primary_key")
 VALUES ('188e1237-8471-4a4c-8498-94c89bde8480', 
'XLSReport.MxReferenceHandling', 
'xlsreport$mxreferencehandling', 
false, 
false);
INSERT INTO "mendixsystem$attribute" ("id", 
"entity_id", 
"attribute_name", 
"column_name", 
"type", 
"length", 
"default_value", 
"is_auto_number")
 VALUES ('d7543c17-72cd-45a7-8288-74c87b33ca40', 
'188e1237-8471-4a4c-8498-94c89bde8480', 
'Reference', 
'reference', 
30, 
200, 
'', 
false);
INSERT INTO "mendixsystem$attribute" ("id", 
"entity_id", 
"attribute_name", 
"column_name", 
"type", 
"length", 
"default_value", 
"is_auto_number")
 VALUES ('8d2723ae-d4b4-4e3b-8086-331e2e581d49', 
'188e1237-8471-4a4c-8498-94c89bde8480', 
'JoinType', 
'jointype', 
40, 
5, 
'INNER', 
false);
INSERT INTO "mendixsystem$index" ("id", 
"table_id", 
"index_name")
 VALUES ('264ab224-6138-4a75-abed-bc95dc64ced8', 
'188e1237-8471-4a4c-8498-94c89bde8480', 
'idx_xlsreport$mxreferencehandling_reference_asc');
INSERT INTO "mendixsystem$index_column" ("index_id", 
"column_id", 
"sort_order", 
"ordinal")
 VALUES ('264ab224-6138-4a75-abed-bc95dc64ced8', 
'd7543c17-72cd-45a7-8288-74c87b33ca40', 
false, 
0);
CREATE TABLE "xlsreport$mxreferencehandling_mxsheet" (
	"xlsreport$mxreferencehandlingid" BIGINT NOT NULL,
	"xlsreport$mxsheetid" BIGINT NOT NULL,
	PRIMARY KEY("xlsreport$mxreferencehandlingid","xlsreport$mxsheetid"),
	CONSTRAINT "uniq_xlsreport$mxreferencehandling_mxsheet_xlsreport$mxreferencehandlingid" UNIQUE ("xlsreport$mxreferencehandlingid"));
CREATE INDEX "idx_xlsreport$mxreferencehandling_mxsheet_xlsreport$mxsheet_xlsreport$mxreferencehandling" ON "xlsreport$mxreferencehandling_mxsheet" ("xlsreport$mxsheetid" ASC,"xlsreport$mxreferencehandlingid" ASC);
INSERT INTO "mendixsystem$association" ("id", 
"association_name", 
"table_name", 
"parent_entity_id", 
"child_entity_id", 
"parent_column_name", 
"child_column_name", 
"index_name")
 VALUES ('3df1386e-897b-4a34-9418-181eb888160a', 
'XLSReport.MxReferenceHandling_MxSheet', 
'xlsreport$mxreferencehandling_mxsheet', 
'188e1237-8471-4a4c-8498-94c89bde8480', 
'26baa3bd-fd4c-421b-8ab3-b060d6e832f2', 
'xlsreport$mxreferencehandlingid', 
'xlsreport$mxsheetid', 
'idx_xlsreport$mxreferencehandling_mxsheet_xlsreport$mxsheet_xlsreport$mxreferencehandling');
INSERT INTO "mendixsystem$unique_constraint" ("name", 
"table_id", 
"column_id")
 VALUES ('uniq_xlsreport$mxreferencehandling_mxsheet_xlsreport$mxreferencehandlingid', 
'3df1386e-897b-4a34-9418-181eb888160a', 
'ce2a4642-046c-3cf6-a0f9-db41c1f5b888');
CREATE TABLE "mxmodelreflection$mxobjecttype" (
	"id" BIGINT NOT NULL,
	"changeddate" TIMESTAMP NULL,
	"createddate" TIMESTAMP NULL,
	"persistencetype" VARCHAR_IGNORECASE(14) NULL,
	"completename" VARCHAR_IGNORECASE(200) NULL,
	"module" VARCHAR_IGNORECASE(200) NULL,
	"name" VARCHAR_IGNORECASE(200) NULL,
	"readablename" VARCHAR_IGNORECASE(400) NULL,
	"system$owner" BIGINT NULL,
	"system$changedby" BIGINT NULL,
	PRIMARY KEY("id"));
CREATE INDEX "idx_mxmodelreflection$mxobjecttype_system$owner" ON "mxmodelreflection$mxobjecttype" ("system$owner" ASC,"id" ASC);
CREATE INDEX "idx_mxmodelreflection$mxobjecttype_system$changedby" ON "mxmodelreflection$mxobjecttype" ("system$changedby" ASC,"id" ASC);
INSERT INTO "mendixsystem$entity" ("id", 
"entity_name", 
"table_name", 
"remote", 
"remote_primary_key")
 VALUES ('e560b1cf-fa41-4fb1-9a2f-cfd77c16737e', 
'MxModelReflection.MxObjectType', 
'mxmodelreflection$mxobjecttype', 
false, 
false);
INSERT INTO "mendixsystem$attribute" ("id", 
"entity_id", 
"attribute_name", 
"column_name", 
"type", 
"length", 
"default_value", 
"is_auto_number")
 VALUES ('c0fc9cb2-3df5-35ae-ba14-45ab04f60f79', 
'e560b1cf-fa41-4fb1-9a2f-cfd77c16737e', 
'changedDate', 
'changeddate', 
20, 
0, 
'', 
false);
INSERT INTO "mendixsystem$attribute" ("id", 
"entity_id", 
"attribute_name", 
"column_name", 
"type", 
"length", 
"default_value", 
"is_auto_number")
 VALUES ('d77c352d-760b-3de1-bfcf-f644c4861404', 
'e560b1cf-fa41-4fb1-9a2f-cfd77c16737e', 
'createdDate', 
'createddate', 
20, 
0, 
'', 
false);
INSERT INTO "mendixsystem$attribute" ("id", 
"entity_id", 
"attribute_name", 
"column_name", 
"type", 
"length", 
"default_value", 
"is_auto_number")
 VALUES ('3e6ef398-ccbd-4116-82ad-8f972aec64c8', 
'e560b1cf-fa41-4fb1-9a2f-cfd77c16737e', 
'PersistenceType', 
'persistencetype', 
40, 
14, 
'Persistable', 
false);
INSERT INTO "mendixsystem$attribute" ("id", 
"entity_id", 
"attribute_name", 
"column_name", 
"type", 
"length", 
"default_value", 
"is_auto_number")
 VALUES ('7e4a6549-2a33-49d0-98f1-c5154a0290cf', 
'e560b1cf-fa41-4fb1-9a2f-cfd77c16737e', 
'CompleteName', 
'completename', 
30, 
200, 
'', 
false);
INSERT INTO "mendixsystem$attribute" ("id", 
"entity_id", 
"attribute_name", 
"column_name", 
"type", 
"length", 
"default_value", 
"is_auto_number")
 VALUES ('1a74d50f-8e3b-459d-9af6-0cf35c4cdea2', 
'e560b1cf-fa41-4fb1-9a2f-cfd77c16737e', 
'Module', 
'module', 
30, 
200, 
'', 
false);
INSERT INTO "mendixsystem$attribute" ("id", 
"entity_id", 
"attribute_name", 
"column_name", 
"type", 
"length", 
"default_value", 
"is_auto_number")
 VALUES ('66dad204-72d5-45e9-8486-59aab5d68dd2', 
'e560b1cf-fa41-4fb1-9a2f-cfd77c16737e', 
'Name', 
'name', 
30, 
200, 
'', 
false);
INSERT INTO "mendixsystem$attribute" ("id", 
"entity_id", 
"attribute_name", 
"column_name", 
"type", 
"length", 
"default_value", 
"is_auto_number")
 VALUES ('a3290ac1-0d34-49be-9305-bb35d9b1e104', 
'e560b1cf-fa41-4fb1-9a2f-cfd77c16737e', 
'ReadableName', 
'readablename', 
30, 
400, 
'', 
false);
INSERT INTO "mendixsystem$index" ("id", 
"table_id", 
"index_name")
 VALUES ('43959f4d-9329-32ca-969d-262eba4444c4', 
'e560b1cf-fa41-4fb1-9a2f-cfd77c16737e', 
'idx_mxmodelreflection$mxobjecttype_system$owner');
INSERT INTO "mendixsystem$index_column" ("index_id", 
"column_id", 
"sort_order", 
"ordinal")
 VALUES ('43959f4d-9329-32ca-969d-262eba4444c4', 
'175a59aa-f31e-3d3e-ac42-b6e41b130361', 
false, 
0);
INSERT INTO "mendixsystem$index" ("id", 
"table_id", 
"index_name")
 VALUES ('5c089c50-f43b-3676-83ae-ef74aee7426c', 
'e560b1cf-fa41-4fb1-9a2f-cfd77c16737e', 
'idx_mxmodelreflection$mxobjecttype_system$changedby');
INSERT INTO "mendixsystem$index_column" ("index_id", 
"column_id", 
"sort_order", 
"ordinal")
 VALUES ('5c089c50-f43b-3676-83ae-ef74aee7426c', 
'7d0f9e12-019f-3e8a-8276-2a9f0610fd54', 
false, 
0);
INSERT INTO "mendixsystem$association" ("id", 
"association_name", 
"table_name", 
"parent_entity_id", 
"child_entity_id", 
"parent_column_name", 
"child_column_name")
 VALUES ('175a59aa-f31e-3d3e-ac42-b6e41b130361', 
'System.owner', 
'system$owner', 
'e560b1cf-fa41-4fb1-9a2f-cfd77c16737e', 
'282e2e60-88a5-469d-84a5-ba8d9151644f', 
'id', 
'system$owner');
INSERT INTO "mendixsystem$association" ("id", 
"association_name", 
"table_name", 
"parent_entity_id", 
"child_entity_id", 
"parent_column_name", 
"child_column_name")
 VALUES ('7d0f9e12-019f-3e8a-8276-2a9f0610fd54', 
'System.changedBy', 
'system$changedby', 
'e560b1cf-fa41-4fb1-9a2f-cfd77c16737e', 
'282e2e60-88a5-469d-84a5-ba8d9151644f', 
'id', 
'system$changedby');
CREATE TABLE "mxmodelreflection$mxobjecttype_subclassof_mxobjecttype" (
	"mxmodelreflection$mxobjecttypeid1" BIGINT NOT NULL,
	"mxmodelreflection$mxobjecttypeid2" BIGINT NOT NULL,
	PRIMARY KEY("mxmodelreflection$mxobjecttypeid1","mxmodelreflection$mxobjecttypeid2"));
CREATE INDEX "idx_mxmodelreflection$mxobjecttype_subclassof_mxobjecttype_mxmodelreflection$mxobjecttype_mxmodelreflection$mxobjecttype" ON "mxmodelreflection$mxobjecttype_subclassof_mxobjecttype" ("mxmodelreflection$mxobjecttypeid2" ASC,"mxmodelreflection$mxobjecttypeid1" ASC);
INSERT INTO "mendixsystem$association" ("id", 
"association_name", 
"table_name", 
"parent_entity_id", 
"child_entity_id", 
"parent_column_name", 
"child_column_name", 
"index_name")
 VALUES ('85238d96-af87-4b4a-9949-8ce97a9e55da', 
'MxModelReflection.MxObjectType_SubClassOf_MxObjectType', 
'mxmodelreflection$mxobjecttype_subclassof_mxobjecttype', 
'e560b1cf-fa41-4fb1-9a2f-cfd77c16737e', 
'e560b1cf-fa41-4fb1-9a2f-cfd77c16737e', 
'mxmodelreflection$mxobjecttypeid1', 
'mxmodelreflection$mxobjecttypeid2', 
'idx_mxmodelreflection$mxobjecttype_subclassof_mxobjecttype_mxmodelreflection$mxobjecttype_mxmodelreflection$mxobjecttype');
CREATE TABLE "mxmodelreflection$mxobjecttype_module" (
	"mxmodelreflection$mxobjecttypeid" BIGINT NOT NULL,
	"mxmodelreflection$moduleid" BIGINT NOT NULL,
	PRIMARY KEY("mxmodelreflection$mxobjecttypeid","mxmodelreflection$moduleid"),
	CONSTRAINT "uniq_mxmodelreflection$mxobjecttype_module_mxmodelreflection$mxobjecttypeid" UNIQUE ("mxmodelreflection$mxobjecttypeid"));
CREATE INDEX "idx_mxmodelreflection$mxobjecttype_module_mxmodelreflection$module_mxmodelreflection$mxobjecttype" ON "mxmodelreflection$mxobjecttype_module" ("mxmodelreflection$moduleid" ASC,"mxmodelreflection$mxobjecttypeid" ASC);
INSERT INTO "mendixsystem$association" ("id", 
"association_name", 
"table_name", 
"parent_entity_id", 
"child_entity_id", 
"parent_column_name", 
"child_column_name", 
"index_name")
 VALUES ('3f144a63-efc7-44b8-a423-8dab402e5a43', 
'MxModelReflection.MxObjectType_Module', 
'mxmodelreflection$mxobjecttype_module', 
'e560b1cf-fa41-4fb1-9a2f-cfd77c16737e', 
'e7645cff-34e2-4529-86d0-22da758b4717', 
'mxmodelreflection$mxobjecttypeid', 
'mxmodelreflection$moduleid', 
'idx_mxmodelreflection$mxobjecttype_module_mxmodelreflection$module_mxmodelreflection$mxobjecttype');
INSERT INTO "mendixsystem$unique_constraint" ("name", 
"table_id", 
"column_id")
 VALUES ('uniq_mxmodelreflection$mxobjecttype_module_mxmodelreflection$mxobjecttypeid', 
'3f144a63-efc7-44b8-a423-8dab402e5a43', 
'e9b0ab6f-3208-325f-8620-f558027a4964');
UPDATE "mendixsystem$version"
 SET "versionnumber" = '4.2', 
"lastsyncdate" = '20210612 00:31:23';
